param1,param2,log10_val1,log10_val2,val1,val2,contained,solver_success
D_F,D_V,-2.0239570248012306,-8.0,0.009463307999999997,1.0e-8,1,1
D_F,D_V,-2.0239570248012306,-7.866666666666666,0.009463307999999997,1.359356390878527e-8,1,1
D_F,D_V,-2.0239570248012306,-7.733333333333333,0.009463307999999997,1.8478497974222906e-8,1,1
D_F,D_V,-2.0239570248012306,-7.6,0.009463307999999997,2.511886431509582e-8,1,1
D_F,D_V,-2.0239570248012306,-7.466666666666667,0.009463307999999997,3.4145488738336004e-8,1,1
D_F,D_V,-2.0239570248012306,-7.333333333333333,0.009463307999999997,4.641588833612782e-8,1,1
D_F,D_V,-2.0239570248012306,-7.2,0.009463307999999997,6.30957344480193e-8,1,1
D_F,D_V,-2.0239570248012306,-7.066666666666666,0.009463307999999997,8.576958985908945e-8,1,1
D_F,D_V,-2.0239570248012306,-6.933333333333334,0.009463307999999997,1.1659144011798311e-7,1,1
D_F,D_V,-2.0239570248012306,-6.8,0.009463307999999997,1.584893192461114e-7,1,1
D_F,D_V,-2.0239570248012306,-6.666666666666667,0.009463307999999997,2.1544346900318822e-7,1,1
D_F,D_V,-2.0239570248012306,-6.533333333333333,0.009463307999999997,2.928644564625237e-7,1,1
D_F,D_V,-2.0239570248012306,-6.4,0.009463307999999997,3.981071705534969e-7,1,1
D_F,D_V,-2.0239570248012306,-6.266666666666667,0.009463307999999997,5.411695265464637e-7,1,1
D_F,D_V,-2.0239570248012306,-6.133333333333334,0.009463307999999997,7.356422544596406e-7,1,1
D_F,D_V,-2.0239570248012306,-6.0,0.009463307999999997,1.0e-6,1,1
D_F,D_V,-2.0239570248012306,-5.866666666666666,0.009463307999999997,1.359356390878527e-6,1,1
D_F,D_V,-2.0239570248012306,-5.733333333333333,0.009463307999999997,1.8478497974222906e-6,1,1
D_F,D_V,-2.0239570248012306,-5.6,0.009463307999999997,2.5118864315095823e-6,1,1
D_F,D_V,-2.0239570248012306,-5.466666666666667,0.009463307999999997,3.4145488738336005e-6,1,1
D_F,D_V,-2.0239570248012306,-5.333333333333333,0.009463307999999997,4.641588833612782e-6,1,1
D_F,D_V,-2.0239570248012306,-5.2,0.009463307999999997,6.30957344480193e-6,1,1
D_F,D_V,-2.0239570248012306,-5.066666666666666,0.009463307999999997,8.576958985908945e-6,1,1
D_F,D_V,-2.0239570248012306,-4.933333333333334,0.009463307999999997,1.165914401179831e-5,1,1
D_F,D_V,-2.0239570248012306,-4.8,0.009463307999999997,1.584893192461114e-5,1,1
D_F,D_V,-2.0239570248012306,-4.666666666666667,0.009463307999999997,2.1544346900318823e-5,1,1
D_F,D_V,-2.0239570248012306,-4.533333333333333,0.009463307999999997,2.9286445646252374e-5,1,1
D_F,D_V,-2.0239570248012306,-4.4,0.009463307999999997,3.9810717055349695e-5,1,1
D_F,D_V,-2.0239570248012306,-4.266666666666667,0.009463307999999997,5.411695265464637e-5,1,1
D_F,D_V,-2.0239570248012306,-4.133333333333334,0.009463307999999997,7.356422544596406e-5,1,1
D_F,D_V,-2.0239570248012306,-4.0,0.009463307999999997,0.0001,1,1
D_F,D_V,-1.8906236914678973,-8.0,0.012864008208651873,1.0e-8,1,1
D_F,D_V,-1.8906236914678973,-7.866666666666666,0.012864008208651873,1.359356390878527e-8,1,1
D_F,D_V,-1.8906236914678973,-7.733333333333333,0.012864008208651873,1.8478497974222906e-8,1,1
D_F,D_V,-1.8906236914678973,-7.6,0.012864008208651873,2.511886431509582e-8,1,1
D_F,D_V,-1.8906236914678973,-7.466666666666667,0.012864008208651873,3.4145488738336004e-8,1,1
D_F,D_V,-1.8906236914678973,-7.333333333333333,0.012864008208651873,4.641588833612782e-8,1,1
D_F,D_V,-1.8906236914678973,-7.2,0.012864008208651873,6.30957344480193e-8,1,1
D_F,D_V,-1.8906236914678973,-7.066666666666666,0.012864008208651873,8.576958985908945e-8,1,1
D_F,D_V,-1.8906236914678973,-6.933333333333334,0.012864008208651873,1.1659144011798311e-7,1,1
D_F,D_V,-1.8906236914678973,-6.8,0.012864008208651873,1.584893192461114e-7,1,1
D_F,D_V,-1.8906236914678973,-6.666666666666667,0.012864008208651873,2.1544346900318822e-7,1,1
D_F,D_V,-1.8906236914678973,-6.533333333333333,0.012864008208651873,2.928644564625237e-7,1,1
D_F,D_V,-1.8906236914678973,-6.4,0.012864008208651873,3.981071705534969e-7,1,1
D_F,D_V,-1.8906236914678973,-6.266666666666667,0.012864008208651873,5.411695265464637e-7,1,1
D_F,D_V,-1.8906236914678973,-6.133333333333334,0.012864008208651873,7.356422544596406e-7,1,1
D_F,D_V,-1.8906236914678973,-6.0,0.012864008208651873,1.0e-6,1,1
D_F,D_V,-1.8906236914678973,-5.866666666666666,0.012864008208651873,1.359356390878527e-6,1,1
D_F,D_V,-1.8906236914678973,-5.733333333333333,0.012864008208651873,1.8478497974222906e-6,1,1
D_F,D_V,-1.8906236914678973,-5.6,0.012864008208651873,2.5118864315095823e-6,1,1
D_F,D_V,-1.8906236914678973,-5.466666666666667,0.012864008208651873,3.4145488738336005e-6,1,1
D_F,D_V,-1.8906236914678973,-5.333333333333333,0.012864008208651873,4.641588833612782e-6,1,1
D_F,D_V,-1.8906236914678973,-5.2,0.012864008208651873,6.30957344480193e-6,1,1
D_F,D_V,-1.8906236914678973,-5.066666666666666,0.012864008208651873,8.576958985908945e-6,1,1
D_F,D_V,-1.8906236914678973,-4.933333333333334,0.012864008208651873,1.165914401179831e-5,1,1
D_F,D_V,-1.8906236914678973,-4.8,0.012864008208651873,1.584893192461114e-5,1,1
D_F,D_V,-1.8906236914678973,-4.666666666666667,0.012864008208651873,2.1544346900318823e-5,1,1
D_F,D_V,-1.8906236914678973,-4.533333333333333,0.012864008208651873,2.9286445646252374e-5,1,1
D_F,D_V,-1.8906236914678973,-4.4,0.012864008208651873,3.9810717055349695e-5,1,1
D_F,D_V,-1.8906236914678973,-4.266666666666667,0.012864008208651873,5.411695265464637e-5,1,1
D_F,D_V,-1.8906236914678973,-4.133333333333334,0.012864008208651873,7.356422544596406e-5,1,1
D_F,D_V,-1.8906236914678973,-4.0,0.012864008208651873,0.0001,1,1
D_F,D_V,-1.757290358134564,-8.0,0.017486771770744737,1.0e-8,1,1
D_F,D_V,-1.757290358134564,-7.866666666666666,0.017486771770744737,1.359356390878527e-8,1,1
D_F,D_V,-1.757290358134564,-7.733333333333333,0.017486771770744737,1.8478497974222906e-8,1,1
D_F,D_V,-1.757290358134564,-7.6,0.017486771770744737,2.511886431509582e-8,1,1
D_F,D_V,-1.757290358134564,-7.466666666666667,0.017486771770744737,3.4145488738336004e-8,1,1
D_F,D_V,-1.757290358134564,-7.333333333333333,0.017486771770744737,4.641588833612782e-8,1,1
D_F,D_V,-1.757290358134564,-7.2,0.017486771770744737,6.30957344480193e-8,1,1
D_F,D_V,-1.757290358134564,-7.066666666666666,0.017486771770744737,8.576958985908945e-8,1,1
D_F,D_V,-1.757290358134564,-6.933333333333334,0.017486771770744737,1.1659144011798311e-7,1,1
D_F,D_V,-1.757290358134564,-6.8,0.017486771770744737,1.584893192461114e-7,1,1
D_F,D_V,-1.757290358134564,-6.666666666666667,0.017486771770744737,2.1544346900318822e-7,1,1
D_F,D_V,-1.757290358134564,-6.533333333333333,0.017486771770744737,2.928644564625237e-7,1,1
D_F,D_V,-1.757290358134564,-6.4,0.017486771770744737,3.981071705534969e-7,1,1
D_F,D_V,-1.757290358134564,-6.266666666666667,0.017486771770744737,5.411695265464637e-7,1,1
D_F,D_V,-1.757290358134564,-6.133333333333334,0.017486771770744737,7.356422544596406e-7,1,1
D_F,D_V,-1.757290358134564,-6.0,0.017486771770744737,1.0e-6,1,1
D_F,D_V,-1.757290358134564,-5.866666666666666,0.017486771770744737,1.359356390878527e-6,1,1
D_F,D_V,-1.757290358134564,-5.733333333333333,0.017486771770744737,1.8478497974222906e-6,1,1
D_F,D_V,-1.757290358134564,-5.6,0.017486771770744737,2.5118864315095823e-6,1,1
D_F,D_V,-1.757290358134564,-5.466666666666667,0.017486771770744737,3.4145488738336005e-6,1,1
D_F,D_V,-1.757290358134564,-5.333333333333333,0.017486771770744737,4.641588833612782e-6,1,1
D_F,D_V,-1.757290358134564,-5.2,0.017486771770744737,6.30957344480193e-6,1,1
D_F,D_V,-1.757290358134564,-5.066666666666666,0.017486771770744737,8.576958985908945e-6,1,1
D_F,D_V,-1.757290358134564,-4.933333333333334,0.017486771770744737,1.165914401179831e-5,1,1
D_F,D_V,-1.757290358134564,-4.8,0.017486771770744737,1.584893192461114e-5,1,1
D_F,D_V,-1.757290358134564,-4.666666666666667,0.017486771770744737,2.1544346900318823e-5,1,1
D_F,D_V,-1.757290358134564,-4.533333333333333,0.017486771770744737,2.9286445646252374e-5,1,1
D_F,D_V,-1.757290358134564,-4.4,0.017486771770744737,3.9810717055349695e-5,1,1
D_F,D_V,-1.757290358134564,-4.266666666666667,0.017486771770744737,5.411695265464637e-5,1,1
D_F,D_V,-1.757290358134564,-4.133333333333334,0.017486771770744737,7.356422544596406e-5,1,1
D_F,D_V,-1.757290358134564,-4.0,0.017486771770744737,0.0001,1,1
D_F,D_V,-1.6239570248012307,-8.0,0.02377075496239605,1.0e-8,1,1
D_F,D_V,-1.6239570248012307,-7.866666666666666,0.02377075496239605,1.359356390878527e-8,1,1
D_F,D_V,-1.6239570248012307,-7.733333333333333,0.02377075496239605,1.8478497974222906e-8,1,1
D_F,D_V,-1.6239570248012307,-7.6,0.02377075496239605,2.511886431509582e-8,1,1
D_F,D_V,-1.6239570248012307,-7.466666666666667,0.02377075496239605,3.4145488738336004e-8,1,1
D_F,D_V,-1.6239570248012307,-7.333333333333333,0.02377075496239605,4.641588833612782e-8,1,1
D_F,D_V,-1.6239570248012307,-7.2,0.02377075496239605,6.30957344480193e-8,1,1
D_F,D_V,-1.6239570248012307,-7.066666666666666,0.02377075496239605,8.576958985908945e-8,1,1
D_F,D_V,-1.6239570248012307,-6.933333333333334,0.02377075496239605,1.1659144011798311e-7,1,1
D_F,D_V,-1.6239570248012307,-6.8,0.02377075496239605,1.584893192461114e-7,1,1
D_F,D_V,-1.6239570248012307,-6.666666666666667,0.02377075496239605,2.1544346900318822e-7,1,1
D_F,D_V,-1.6239570248012307,-6.533333333333333,0.02377075496239605,2.928644564625237e-7,1,1
D_F,D_V,-1.6239570248012307,-6.4,0.02377075496239605,3.981071705534969e-7,1,1
D_F,D_V,-1.6239570248012307,-6.266666666666667,0.02377075496239605,5.411695265464637e-7,1,1
D_F,D_V,-1.6239570248012307,-6.133333333333334,0.02377075496239605,7.356422544596406e-7,1,1
D_F,D_V,-1.6239570248012307,-6.0,0.02377075496239605,1.0e-6,1,1
D_F,D_V,-1.6239570248012307,-5.866666666666666,0.02377075496239605,1.359356390878527e-6,1,1
D_F,D_V,-1.6239570248012307,-5.733333333333333,0.02377075496239605,1.8478497974222906e-6,1,1
D_F,D_V,-1.6239570248012307,-5.6,0.02377075496239605,2.5118864315095823e-6,1,1
D_F,D_V,-1.6239570248012307,-5.466666666666667,0.02377075496239605,3.4145488738336005e-6,1,1
D_F,D_V,-1.6239570248012307,-5.333333333333333,0.02377075496239605,4.641588833612782e-6,1,1
D_F,D_V,-1.6239570248012307,-5.2,0.02377075496239605,6.30957344480193e-6,1,1
D_F,D_V,-1.6239570248012307,-5.066666666666666,0.02377075496239605,8.576958985908945e-6,1,1
D_F,D_V,-1.6239570248012307,-4.933333333333334,0.02377075496239605,1.165914401179831e-5,1,1
D_F,D_V,-1.6239570248012307,-4.8,0.02377075496239605,1.584893192461114e-5,1,1
D_F,D_V,-1.6239570248012307,-4.666666666666667,0.02377075496239605,2.1544346900318823e-5,1,1
D_F,D_V,-1.6239570248012307,-4.533333333333333,0.02377075496239605,2.9286445646252374e-5,1,1
D_F,D_V,-1.6239570248012307,-4.4,0.02377075496239605,3.9810717055349695e-5,1,1
D_F,D_V,-1.6239570248012307,-4.266666666666667,0.02377075496239605,5.411695265464637e-5,1,1
D_F,D_V,-1.6239570248012307,-4.133333333333334,0.02377075496239605,7.356422544596406e-5,1,1
D_F,D_V,-1.6239570248012307,-4.0,0.02377075496239605,0.0001,1,1
D_F,D_V,-1.4906236914678972,-8.0,0.03231292767414051,1.0e-8,1,1
D_F,D_V,-1.4906236914678972,-7.866666666666666,0.03231292767414051,1.359356390878527e-8,1,1
D_F,D_V,-1.4906236914678972,-7.733333333333333,0.03231292767414051,1.8478497974222906e-8,1,1
D_F,D_V,-1.4906236914678972,-7.6,0.03231292767414051,2.511886431509582e-8,1,1
D_F,D_V,-1.4906236914678972,-7.466666666666667,0.03231292767414051,3.4145488738336004e-8,1,1
D_F,D_V,-1.4906236914678972,-7.333333333333333,0.03231292767414051,4.641588833612782e-8,1,1
D_F,D_V,-1.4906236914678972,-7.2,0.03231292767414051,6.30957344480193e-8,1,1
D_F,D_V,-1.4906236914678972,-7.066666666666666,0.03231292767414051,8.576958985908945e-8,1,1
D_F,D_V,-1.4906236914678972,-6.933333333333334,0.03231292767414051,1.1659144011798311e-7,1,1
D_F,D_V,-1.4906236914678972,-6.8,0.03231292767414051,1.584893192461114e-7,1,1
D_F,D_V,-1.4906236914678972,-6.666666666666667,0.03231292767414051,2.1544346900318822e-7,1,1
D_F,D_V,-1.4906236914678972,-6.533333333333333,0.03231292767414051,2.928644564625237e-7,1,1
D_F,D_V,-1.4906236914678972,-6.4,0.03231292767414051,3.981071705534969e-7,1,1
D_F,D_V,-1.4906236914678972,-6.266666666666667,0.03231292767414051,5.411695265464637e-7,1,1
D_F,D_V,-1.4906236914678972,-6.133333333333334,0.03231292767414051,7.356422544596406e-7,1,1
D_F,D_V,-1.4906236914678972,-6.0,0.03231292767414051,1.0e-6,1,1
D_F,D_V,-1.4906236914678972,-5.866666666666666,0.03231292767414051,1.359356390878527e-6,1,1
D_F,D_V,-1.4906236914678972,-5.733333333333333,0.03231292767414051,1.8478497974222906e-6,1,1
D_F,D_V,-1.4906236914678972,-5.6,0.03231292767414051,2.5118864315095823e-6,1,1
D_F,D_V,-1.4906236914678972,-5.466666666666667,0.03231292767414051,3.4145488738336005e-6,1,1
D_F,D_V,-1.4906236914678972,-5.333333333333333,0.03231292767414051,4.641588833612782e-6,1,1
D_F,D_V,-1.4906236914678972,-5.2,0.03231292767414051,6.30957344480193e-6,1,1
D_F,D_V,-1.4906236914678972,-5.066666666666666,0.03231292767414051,8.576958985908945e-6,1,1
D_F,D_V,-1.4906236914678972,-4.933333333333334,0.03231292767414051,1.165914401179831e-5,1,1
D_F,D_V,-1.4906236914678972,-4.8,0.03231292767414051,1.584893192461114e-5,1,1
D_F,D_V,-1.4906236914678972,-4.666666666666667,0.03231292767414051,2.1544346900318823e-5,1,1
D_F,D_V,-1.4906236914678972,-4.533333333333333,0.03231292767414051,2.9286445646252374e-5,1,1
D_F,D_V,-1.4906236914678972,-4.4,0.03231292767414051,3.9810717055349695e-5,1,1
D_F,D_V,-1.4906236914678972,-4.266666666666667,0.03231292767414051,5.411695265464637e-5,1,1
D_F,D_V,-1.4906236914678972,-4.133333333333334,0.03231292767414051,7.356422544596406e-5,1,1
D_F,D_V,-1.4906236914678972,-4.0,0.03231292767414051,0.0001,1,1
D_F,D_V,-1.357290358134564,-8.0,0.043924784741838474,1.0e-8,1,1
D_F,D_V,-1.357290358134564,-7.866666666666666,0.043924784741838474,1.359356390878527e-8,1,1
D_F,D_V,-1.357290358134564,-7.733333333333333,0.043924784741838474,1.8478497974222906e-8,1,1
D_F,D_V,-1.357290358134564,-7.6,0.043924784741838474,2.511886431509582e-8,1,1
D_F,D_V,-1.357290358134564,-7.466666666666667,0.043924784741838474,3.4145488738336004e-8,1,1
D_F,D_V,-1.357290358134564,-7.333333333333333,0.043924784741838474,4.641588833612782e-8,1,1
D_F,D_V,-1.357290358134564,-7.2,0.043924784741838474,6.30957344480193e-8,1,1
D_F,D_V,-1.357290358134564,-7.066666666666666,0.043924784741838474,8.576958985908945e-8,1,1
D_F,D_V,-1.357290358134564,-6.933333333333334,0.043924784741838474,1.1659144011798311e-7,1,1
D_F,D_V,-1.357290358134564,-6.8,0.043924784741838474,1.584893192461114e-7,1,1
D_F,D_V,-1.357290358134564,-6.666666666666667,0.043924784741838474,2.1544346900318822e-7,1,1
D_F,D_V,-1.357290358134564,-6.533333333333333,0.043924784741838474,2.928644564625237e-7,1,1
D_F,D_V,-1.357290358134564,-6.4,0.043924784741838474,3.981071705534969e-7,1,1
D_F,D_V,-1.357290358134564,-6.266666666666667,0.043924784741838474,5.411695265464637e-7,1,1
D_F,D_V,-1.357290358134564,-6.133333333333334,0.043924784741838474,7.356422544596406e-7,1,1
D_F,D_V,-1.357290358134564,-6.0,0.043924784741838474,1.0e-6,1,1
D_F,D_V,-1.357290358134564,-5.866666666666666,0.043924784741838474,1.359356390878527e-6,1,1
D_F,D_V,-1.357290358134564,-5.733333333333333,0.043924784741838474,1.8478497974222906e-6,1,1
D_F,D_V,-1.357290358134564,-5.6,0.043924784741838474,2.5118864315095823e-6,1,1
D_F,D_V,-1.357290358134564,-5.466666666666667,0.043924784741838474,3.4145488738336005e-6,1,1
D_F,D_V,-1.357290358134564,-5.333333333333333,0.043924784741838474,4.641588833612782e-6,1,1
D_F,D_V,-1.357290358134564,-5.2,0.043924784741838474,6.30957344480193e-6,1,1
D_F,D_V,-1.357290358134564,-5.066666666666666,0.043924784741838474,8.576958985908945e-6,1,1
D_F,D_V,-1.357290358134564,-4.933333333333334,0.043924784741838474,1.165914401179831e-5,1,1
D_F,D_V,-1.357290358134564,-4.8,0.043924784741838474,1.584893192461114e-5,1,1
D_F,D_V,-1.357290358134564,-4.666666666666667,0.043924784741838474,2.1544346900318823e-5,1,1
D_F,D_V,-1.357290358134564,-4.533333333333333,0.043924784741838474,2.9286445646252374e-5,1,1
D_F,D_V,-1.357290358134564,-4.4,0.043924784741838474,3.9810717055349695e-5,1,1
D_F,D_V,-1.357290358134564,-4.266666666666667,0.043924784741838474,5.411695265464637e-5,1,1
D_F,D_V,-1.357290358134564,-4.133333333333334,0.043924784741838474,7.356422544596406e-5,1,1
D_F,D_V,-1.357290358134564,-4.0,0.043924784741838474,0.0001,1,1
D_F,D_V,-1.2239570248012306,-8.0,0.05970943685678168,1.0e-8,1,1
D_F,D_V,-1.2239570248012306,-7.866666666666666,0.05970943685678168,1.359356390878527e-8,1,1
D_F,D_V,-1.2239570248012306,-7.733333333333333,0.05970943685678168,1.8478497974222906e-8,1,1
D_F,D_V,-1.2239570248012306,-7.6,0.05970943685678168,2.511886431509582e-8,1,1
D_F,D_V,-1.2239570248012306,-7.466666666666667,0.05970943685678168,3.4145488738336004e-8,1,1
D_F,D_V,-1.2239570248012306,-7.333333333333333,0.05970943685678168,4.641588833612782e-8,1,1
D_F,D_V,-1.2239570248012306,-7.2,0.05970943685678168,6.30957344480193e-8,1,1
D_F,D_V,-1.2239570248012306,-7.066666666666666,0.05970943685678168,8.576958985908945e-8,1,1
D_F,D_V,-1.2239570248012306,-6.933333333333334,0.05970943685678168,1.1659144011798311e-7,1,1
D_F,D_V,-1.2239570248012306,-6.8,0.05970943685678168,1.584893192461114e-7,1,1
D_F,D_V,-1.2239570248012306,-6.666666666666667,0.05970943685678168,2.1544346900318822e-7,1,1
D_F,D_V,-1.2239570248012306,-6.533333333333333,0.05970943685678168,2.928644564625237e-7,1,1
D_F,D_V,-1.2239570248012306,-6.4,0.05970943685678168,3.981071705534969e-7,1,1
D_F,D_V,-1.2239570248012306,-6.266666666666667,0.05970943685678168,5.411695265464637e-7,1,1
D_F,D_V,-1.2239570248012306,-6.133333333333334,0.05970943685678168,7.356422544596406e-7,1,1
D_F,D_V,-1.2239570248012306,-6.0,0.05970943685678168,1.0e-6,1,1
D_F,D_V,-1.2239570248012306,-5.866666666666666,0.05970943685678168,1.359356390878527e-6,1,1
D_F,D_V,-1.2239570248012306,-5.733333333333333,0.05970943685678168,1.8478497974222906e-6,1,1
D_F,D_V,-1.2239570248012306,-5.6,0.05970943685678168,2.5118864315095823e-6,1,1
D_F,D_V,-1.2239570248012306,-5.466666666666667,0.05970943685678168,3.4145488738336005e-6,1,1
D_F,D_V,-1.2239570248012306,-5.333333333333333,0.05970943685678168,4.641588833612782e-6,1,1
D_F,D_V,-1.2239570248012306,-5.2,0.05970943685678168,6.30957344480193e-6,1,1
D_F,D_V,-1.2239570248012306,-5.066666666666666,0.05970943685678168,8.576958985908945e-6,1,1
D_F,D_V,-1.2239570248012306,-4.933333333333334,0.05970943685678168,1.165914401179831e-5,1,1
D_F,D_V,-1.2239570248012306,-4.8,0.05970943685678168,1.584893192461114e-5,1,1
D_F,D_V,-1.2239570248012306,-4.666666666666667,0.05970943685678168,2.1544346900318823e-5,1,1
D_F,D_V,-1.2239570248012306,-4.533333333333333,0.05970943685678168,2.9286445646252374e-5,1,1
D_F,D_V,-1.2239570248012306,-4.4,0.05970943685678168,3.9810717055349695e-5,1,1
D_F,D_V,-1.2239570248012306,-4.266666666666667,0.05970943685678168,5.411695265464637e-5,1,1
D_F,D_V,-1.2239570248012306,-4.133333333333334,0.05970943685678168,7.356422544596406e-5,1,1
D_F,D_V,-1.2239570248012306,-4.0,0.05970943685678168,0.0001,1,1
D_F,D_V,-1.0906236914678973,-8.0,0.08116640458702395,1.0e-8,1,1
D_F,D_V,-1.0906236914678973,-7.866666666666666,0.08116640458702395,1.359356390878527e-8,1,1
D_F,D_V,-1.0906236914678973,-7.733333333333333,0.08116640458702395,1.8478497974222906e-8,1,1
D_F,D_V,-1.0906236914678973,-7.6,0.08116640458702395,2.511886431509582e-8,1,1
D_F,D_V,-1.0906236914678973,-7.466666666666667,0.08116640458702395,3.4145488738336004e-8,1,1
D_F,D_V,-1.0906236914678973,-7.333333333333333,0.08116640458702395,4.641588833612782e-8,1,1
D_F,D_V,-1.0906236914678973,-7.2,0.08116640458702395,6.30957344480193e-8,1,1
D_F,D_V,-1.0906236914678973,-7.066666666666666,0.08116640458702395,8.576958985908945e-8,1,1
D_F,D_V,-1.0906236914678973,-6.933333333333334,0.08116640458702395,1.1659144011798311e-7,1,1
D_F,D_V,-1.0906236914678973,-6.8,0.08116640458702395,1.584893192461114e-7,1,1
D_F,D_V,-1.0906236914678973,-6.666666666666667,0.08116640458702395,2.1544346900318822e-7,1,1
D_F,D_V,-1.0906236914678973,-6.533333333333333,0.08116640458702395,2.928644564625237e-7,1,1
D_F,D_V,-1.0906236914678973,-6.4,0.08116640458702395,3.981071705534969e-7,1,1
D_F,D_V,-1.0906236914678973,-6.266666666666667,0.08116640458702395,5.411695265464637e-7,1,1
D_F,D_V,-1.0906236914678973,-6.133333333333334,0.08116640458702395,7.356422544596406e-7,1,1
D_F,D_V,-1.0906236914678973,-6.0,0.08116640458702395,1.0e-6,1,1
D_F,D_V,-1.0906236914678973,-5.866666666666666,0.08116640458702395,1.359356390878527e-6,1,1
D_F,D_V,-1.0906236914678973,-5.733333333333333,0.08116640458702395,1.8478497974222906e-6,1,1
D_F,D_V,-1.0906236914678973,-5.6,0.08116640458702395,2.5118864315095823e-6,1,1
D_F,D_V,-1.0906236914678973,-5.466666666666667,0.08116640458702395,3.4145488738336005e-6,1,1
D_F,D_V,-1.0906236914678973,-5.333333333333333,0.08116640458702395,4.641588833612782e-6,1,1
D_F,D_V,-1.0906236914678973,-5.2,0.08116640458702395,6.30957344480193e-6,1,1
D_F,D_V,-1.0906236914678973,-5.066666666666666,0.08116640458702395,8.576958985908945e-6,1,1
D_F,D_V,-1.0906236914678973,-4.933333333333334,0.08116640458702395,1.165914401179831e-5,1,1
D_F,D_V,-1.0906236914678973,-4.8,0.08116640458702395,1.584893192461114e-5,1,1
D_F,D_V,-1.0906236914678973,-4.666666666666667,0.08116640458702395,2.1544346900318823e-5,1,1
D_F,D_V,-1.0906236914678973,-4.533333333333333,0.08116640458702395,2.9286445646252374e-5,1,1
D_F,D_V,-1.0906236914678973,-4.4,0.08116640458702395,3.9810717055349695e-5,1,1
D_F,D_V,-1.0906236914678973,-4.266666666666667,0.08116640458702395,5.411695265464637e-5,1,1
D_F,D_V,-1.0906236914678973,-4.133333333333334,0.08116640458702395,7.356422544596406e-5,1,1
D_F,D_V,-1.0906236914678973,-4.0,0.08116640458702395,0.0001,1,1
D_F,D_V,-0.9572903581345639,-8.0,0.11033407080000311,1.0e-8,1,1
D_F,D_V,-0.9572903581345639,-7.866666666666666,0.11033407080000311,1.359356390878527e-8,1,1
D_F,D_V,-0.9572903581345639,-7.733333333333333,0.11033407080000311,1.8478497974222906e-8,1,1
D_F,D_V,-0.9572903581345639,-7.6,0.11033407080000311,2.511886431509582e-8,1,1
D_F,D_V,-0.9572903581345639,-7.466666666666667,0.11033407080000311,3.4145488738336004e-8,1,1
D_F,D_V,-0.9572903581345639,-7.333333333333333,0.11033407080000311,4.641588833612782e-8,1,1
D_F,D_V,-0.9572903581345639,-7.2,0.11033407080000311,6.30957344480193e-8,1,1
D_F,D_V,-0.9572903581345639,-7.066666666666666,0.11033407080000311,8.576958985908945e-8,1,1
D_F,D_V,-0.9572903581345639,-6.933333333333334,0.11033407080000311,1.1659144011798311e-7,1,1
D_F,D_V,-0.9572903581345639,-6.8,0.11033407080000311,1.584893192461114e-7,1,1
D_F,D_V,-0.9572903581345639,-6.666666666666667,0.11033407080000311,2.1544346900318822e-7,1,1
D_F,D_V,-0.9572903581345639,-6.533333333333333,0.11033407080000311,2.928644564625237e-7,1,1
D_F,D_V,-0.9572903581345639,-6.4,0.11033407080000311,3.981071705534969e-7,1,1
D_F,D_V,-0.9572903581345639,-6.266666666666667,0.11033407080000311,5.411695265464637e-7,1,1
D_F,D_V,-0.9572903581345639,-6.133333333333334,0.11033407080000311,7.356422544596406e-7,1,1
D_F,D_V,-0.9572903581345639,-6.0,0.11033407080000311,1.0e-6,1,1
D_F,D_V,-0.9572903581345639,-5.866666666666666,0.11033407080000311,1.359356390878527e-6,1,1
D_F,D_V,-0.9572903581345639,-5.733333333333333,0.11033407080000311,1.8478497974222906e-6,1,1
D_F,D_V,-0.9572903581345639,-5.6,0.11033407080000311,2.5118864315095823e-6,1,1
D_F,D_V,-0.9572903581345639,-5.466666666666667,0.11033407080000311,3.4145488738336005e-6,1,1
D_F,D_V,-0.9572903581345639,-5.333333333333333,0.11033407080000311,4.641588833612782e-6,1,1
D_F,D_V,-0.9572903581345639,-5.2,0.11033407080000311,6.30957344480193e-6,1,1
D_F,D_V,-0.9572903581345639,-5.066666666666666,0.11033407080000311,8.576958985908945e-6,1,1
D_F,D_V,-0.9572903581345639,-4.933333333333334,0.11033407080000311,1.165914401179831e-5,1,1
D_F,D_V,-0.9572903581345639,-4.8,0.11033407080000311,1.584893192461114e-5,1,1
D_F,D_V,-0.9572903581345639,-4.666666666666667,0.11033407080000311,2.1544346900318823e-5,1,1
D_F,D_V,-0.9572903581345639,-4.533333333333333,0.11033407080000311,2.9286445646252374e-5,1,1
D_F,D_V,-0.9572903581345639,-4.4,0.11033407080000311,3.9810717055349695e-5,1,1
D_F,D_V,-0.9572903581345639,-4.266666666666667,0.11033407080000311,5.411695265464637e-5,1,1
D_F,D_V,-0.9572903581345639,-4.133333333333334,0.11033407080000311,7.356422544596406e-5,1,1
D_F,D_V,-0.9572903581345639,-4.0,0.11033407080000311,0.0001,1,1
D_F,D_V,-0.8239570248012306,-8.0,0.14998332427362793,1.0e-8,1,1
D_F,D_V,-0.8239570248012306,-7.866666666666666,0.14998332427362793,1.359356390878527e-8,1,1
D_F,D_V,-0.8239570248012306,-7.733333333333333,0.14998332427362793,1.8478497974222906e-8,1,1
D_F,D_V,-0.8239570248012306,-7.6,0.14998332427362793,2.511886431509582e-8,1,1
D_F,D_V,-0.8239570248012306,-7.466666666666667,0.14998332427362793,3.4145488738336004e-8,1,1
D_F,D_V,-0.8239570248012306,-7.333333333333333,0.14998332427362793,4.641588833612782e-8,1,1
D_F,D_V,-0.8239570248012306,-7.2,0.14998332427362793,6.30957344480193e-8,1,1
D_F,D_V,-0.8239570248012306,-7.066666666666666,0.14998332427362793,8.576958985908945e-8,1,1
D_F,D_V,-0.8239570248012306,-6.933333333333334,0.14998332427362793,1.1659144011798311e-7,1,1
D_F,D_V,-0.8239570248012306,-6.8,0.14998332427362793,1.584893192461114e-7,1,1
D_F,D_V,-0.8239570248012306,-6.666666666666667,0.14998332427362793,2.1544346900318822e-7,1,1
D_F,D_V,-0.8239570248012306,-6.533333333333333,0.14998332427362793,2.928644564625237e-7,1,1
D_F,D_V,-0.8239570248012306,-6.4,0.14998332427362793,3.981071705534969e-7,1,1
D_F,D_V,-0.8239570248012306,-6.266666666666667,0.14998332427362793,5.411695265464637e-7,1,1
D_F,D_V,-0.8239570248012306,-6.133333333333334,0.14998332427362793,7.356422544596406e-7,1,1
D_F,D_V,-0.8239570248012306,-6.0,0.14998332427362793,1.0e-6,1,1
D_F,D_V,-0.8239570248012306,-5.866666666666666,0.14998332427362793,1.359356390878527e-6,1,1
D_F,D_V,-0.8239570248012306,-5.733333333333333,0.14998332427362793,1.8478497974222906e-6,1,1
D_F,D_V,-0.8239570248012306,-5.6,0.14998332427362793,2.5118864315095823e-6,1,1
D_F,D_V,-0.8239570248012306,-5.466666666666667,0.14998332427362793,3.4145488738336005e-6,1,1
D_F,D_V,-0.8239570248012306,-5.333333333333333,0.14998332427362793,4.641588833612782e-6,1,1
D_F,D_V,-0.8239570248012306,-5.2,0.14998332427362793,6.30957344480193e-6,1,1
D_F,D_V,-0.8239570248012306,-5.066666666666666,0.14998332427362793,8.576958985908945e-6,1,1
D_F,D_V,-0.8239570248012306,-4.933333333333334,0.14998332427362793,1.165914401179831e-5,1,1
D_F,D_V,-0.8239570248012306,-4.8,0.14998332427362793,1.584893192461114e-5,1,1
D_F,D_V,-0.8239570248012306,-4.666666666666667,0.14998332427362793,2.1544346900318823e-5,1,1
D_F,D_V,-0.8239570248012306,-4.533333333333333,0.14998332427362793,2.9286445646252374e-5,1,1
D_F,D_V,-0.8239570248012306,-4.4,0.14998332427362793,3.9810717055349695e-5,1,1
D_F,D_V,-0.8239570248012306,-4.266666666666667,0.14998332427362793,5.411695265464637e-5,1,1
D_F,D_V,-0.8239570248012306,-4.133333333333334,0.14998332427362793,7.356422544596406e-5,1,1
D_F,D_V,-0.8239570248012306,-4.0,0.14998332427362793,0.0001,1,1
D_F,D_V,-0.6906236914678973,-8.0,0.20388079037656243,1.0e-8,1,1
D_F,D_V,-0.6906236914678973,-7.866666666666666,0.20388079037656243,1.359356390878527e-8,1,1
D_F,D_V,-0.6906236914678973,-7.733333333333333,0.20388079037656243,1.8478497974222906e-8,1,1
D_F,D_V,-0.6906236914678973,-7.6,0.20388079037656243,2.511886431509582e-8,1,1
D_F,D_V,-0.6906236914678973,-7.466666666666667,0.20388079037656243,3.4145488738336004e-8,1,1
D_F,D_V,-0.6906236914678973,-7.333333333333333,0.20388079037656243,4.641588833612782e-8,1,1
D_F,D_V,-0.6906236914678973,-7.2,0.20388079037656243,6.30957344480193e-8,1,1
D_F,D_V,-0.6906236914678973,-7.066666666666666,0.20388079037656243,8.576958985908945e-8,1,1
D_F,D_V,-0.6906236914678973,-6.933333333333334,0.20388079037656243,1.1659144011798311e-7,1,1
D_F,D_V,-0.6906236914678973,-6.8,0.20388079037656243,1.584893192461114e-7,1,1
D_F,D_V,-0.6906236914678973,-6.666666666666667,0.20388079037656243,2.1544346900318822e-7,1,1
D_F,D_V,-0.6906236914678973,-6.533333333333333,0.20388079037656243,2.928644564625237e-7,1,1
D_F,D_V,-0.6906236914678973,-6.4,0.20388079037656243,3.981071705534969e-7,1,1
D_F,D_V,-0.6906236914678973,-6.266666666666667,0.20388079037656243,5.411695265464637e-7,1,1
D_F,D_V,-0.6906236914678973,-6.133333333333334,0.20388079037656243,7.356422544596406e-7,1,1
D_F,D_V,-0.6906236914678973,-6.0,0.20388079037656243,1.0e-6,1,1
D_F,D_V,-0.6906236914678973,-5.866666666666666,0.20388079037656243,1.359356390878527e-6,1,1
D_F,D_V,-0.6906236914678973,-5.733333333333333,0.20388079037656243,1.8478497974222906e-6,1,1
D_F,D_V,-0.6906236914678973,-5.6,0.20388079037656243,2.5118864315095823e-6,1,1
D_F,D_V,-0.6906236914678973,-5.466666666666667,0.20388079037656243,3.4145488738336005e-6,1,1
D_F,D_V,-0.6906236914678973,-5.333333333333333,0.20388079037656243,4.641588833612782e-6,1,1
D_F,D_V,-0.6906236914678973,-5.2,0.20388079037656243,6.30957344480193e-6,1,1
D_F,D_V,-0.6906236914678973,-5.066666666666666,0.20388079037656243,8.576958985908945e-6,1,1
D_F,D_V,-0.6906236914678973,-4.933333333333334,0.20388079037656243,1.165914401179831e-5,1,1
D_F,D_V,-0.6906236914678973,-4.8,0.20388079037656243,1.584893192461114e-5,1,1
D_F,D_V,-0.6906236914678973,-4.666666666666667,0.20388079037656243,2.1544346900318823e-5,1,1
D_F,D_V,-0.6906236914678973,-4.533333333333333,0.20388079037656243,2.9286445646252374e-5,1,1
D_F,D_V,-0.6906236914678973,-4.4,0.20388079037656243,3.9810717055349695e-5,1,1
D_F,D_V,-0.6906236914678973,-4.266666666666667,0.20388079037656243,5.411695265464637e-5,1,1
D_F,D_V,-0.6906236914678973,-4.133333333333334,0.20388079037656243,7.356422544596406e-5,1,1
D_F,D_V,-0.6906236914678973,-4.0,0.20388079037656243,0.0001,1,1
D_F,D_V,-0.5572903581345638,-8.0,0.2771466553757452,1.0e-8,1,1
D_F,D_V,-0.5572903581345638,-7.866666666666666,0.2771466553757452,1.359356390878527e-8,1,1
D_F,D_V,-0.5572903581345638,-7.733333333333333,0.2771466553757452,1.8478497974222906e-8,1,1
D_F,D_V,-0.5572903581345638,-7.6,0.2771466553757452,2.511886431509582e-8,1,1
D_F,D_V,-0.5572903581345638,-7.466666666666667,0.2771466553757452,3.4145488738336004e-8,1,1
D_F,D_V,-0.5572903581345638,-7.333333333333333,0.2771466553757452,4.641588833612782e-8,1,1
D_F,D_V,-0.5572903581345638,-7.2,0.2771466553757452,6.30957344480193e-8,1,1
D_F,D_V,-0.5572903581345638,-7.066666666666666,0.2771466553757452,8.576958985908945e-8,1,1
D_F,D_V,-0.5572903581345638,-6.933333333333334,0.2771466553757452,1.1659144011798311e-7,1,1
D_F,D_V,-0.5572903581345638,-6.8,0.2771466553757452,1.584893192461114e-7,1,1
D_F,D_V,-0.5572903581345638,-6.666666666666667,0.2771466553757452,2.1544346900318822e-7,1,1
D_F,D_V,-0.5572903581345638,-6.533333333333333,0.2771466553757452,2.928644564625237e-7,1,1
D_F,D_V,-0.5572903581345638,-6.4,0.2771466553757452,3.981071705534969e-7,1,1
D_F,D_V,-0.5572903581345638,-6.266666666666667,0.2771466553757452,5.411695265464637e-7,1,1
D_F,D_V,-0.5572903581345638,-6.133333333333334,0.2771466553757452,7.356422544596406e-7,1,1
D_F,D_V,-0.5572903581345638,-6.0,0.2771466553757452,1.0e-6,1,1
D_F,D_V,-0.5572903581345638,-5.866666666666666,0.2771466553757452,1.359356390878527e-6,1,1
D_F,D_V,-0.5572903581345638,-5.733333333333333,0.2771466553757452,1.8478497974222906e-6,1,1
D_F,D_V,-0.5572903581345638,-5.6,0.2771466553757452,2.5118864315095823e-6,1,1
D_F,D_V,-0.5572903581345638,-5.466666666666667,0.2771466553757452,3.4145488738336005e-6,1,1
D_F,D_V,-0.5572903581345638,-5.333333333333333,0.2771466553757452,4.641588833612782e-6,1,1
D_F,D_V,-0.5572903581345638,-5.2,0.2771466553757452,6.30957344480193e-6,1,1
D_F,D_V,-0.5572903581345638,-5.066666666666666,0.2771466553757452,8.576958985908945e-6,1,1
D_F,D_V,-0.5572903581345638,-4.933333333333334,0.2771466553757452,1.165914401179831e-5,1,1
D_F,D_V,-0.5572903581345638,-4.8,0.2771466553757452,1.584893192461114e-5,1,1
D_F,D_V,-0.5572903581345638,-4.666666666666667,0.2771466553757452,2.1544346900318823e-5,1,1
D_F,D_V,-0.5572903581345638,-4.533333333333333,0.2771466553757452,2.9286445646252374e-5,1,1
D_F,D_V,-0.5572903581345638,-4.4,0.2771466553757452,3.9810717055349695e-5,1,1
D_F,D_V,-0.5572903581345638,-4.266666666666667,0.2771466553757452,5.411695265464637e-5,1,1
D_F,D_V,-0.5572903581345638,-4.133333333333334,0.2771466553757452,7.356422544596406e-5,1,1
D_F,D_V,-0.5572903581345638,-4.0,0.2771466553757452,0.0001,1,1
D_F,D_V,-0.42395702480123054,-8.0,0.3767410771956275,1.0e-8,1,1
D_F,D_V,-0.42395702480123054,-7.866666666666666,0.3767410771956275,1.359356390878527e-8,1,1
D_F,D_V,-0.42395702480123054,-7.733333333333333,0.3767410771956275,1.8478497974222906e-8,1,1
D_F,D_V,-0.42395702480123054,-7.6,0.3767410771956275,2.511886431509582e-8,1,1
D_F,D_V,-0.42395702480123054,-7.466666666666667,0.3767410771956275,3.4145488738336004e-8,1,1
D_F,D_V,-0.42395702480123054,-7.333333333333333,0.3767410771956275,4.641588833612782e-8,1,1
D_F,D_V,-0.42395702480123054,-7.2,0.3767410771956275,6.30957344480193e-8,1,1
D_F,D_V,-0.42395702480123054,-7.066666666666666,0.3767410771956275,8.576958985908945e-8,1,1
D_F,D_V,-0.42395702480123054,-6.933333333333334,0.3767410771956275,1.1659144011798311e-7,1,1
D_F,D_V,-0.42395702480123054,-6.8,0.3767410771956275,1.584893192461114e-7,1,1
D_F,D_V,-0.42395702480123054,-6.666666666666667,0.3767410771956275,2.1544346900318822e-7,1,1
D_F,D_V,-0.42395702480123054,-6.533333333333333,0.3767410771956275,2.928644564625237e-7,1,1
D_F,D_V,-0.42395702480123054,-6.4,0.3767410771956275,3.981071705534969e-7,1,1
D_F,D_V,-0.42395702480123054,-6.266666666666667,0.3767410771956275,5.411695265464637e-7,1,1
D_F,D_V,-0.42395702480123054,-6.133333333333334,0.3767410771956275,7.356422544596406e-7,1,1
D_F,D_V,-0.42395702480123054,-6.0,0.3767410771956275,1.0e-6,1,1
D_F,D_V,-0.42395702480123054,-5.866666666666666,0.3767410771956275,1.359356390878527e-6,1,1
D_F,D_V,-0.42395702480123054,-5.733333333333333,0.3767410771956275,1.8478497974222906e-6,1,1
D_F,D_V,-0.42395702480123054,-5.6,0.3767410771956275,2.5118864315095823e-6,1,1
D_F,D_V,-0.42395702480123054,-5.466666666666667,0.3767410771956275,3.4145488738336005e-6,1,1
D_F,D_V,-0.42395702480123054,-5.333333333333333,0.3767410771956275,4.641588833612782e-6,1,1
D_F,D_V,-0.42395702480123054,-5.2,0.3767410771956275,6.30957344480193e-6,1,1
D_F,D_V,-0.42395702480123054,-5.066666666666666,0.3767410771956275,8.576958985908945e-6,1,1
D_F,D_V,-0.42395702480123054,-4.933333333333334,0.3767410771956275,1.165914401179831e-5,1,1
D_F,D_V,-0.42395702480123054,-4.8,0.3767410771956275,1.584893192461114e-5,1,1
D_F,D_V,-0.42395702480123054,-4.666666666666667,0.3767410771956275,2.1544346900318823e-5,1,1
D_F,D_V,-0.42395702480123054,-4.533333333333333,0.3767410771956275,2.9286445646252374e-5,1,1
D_F,D_V,-0.42395702480123054,-4.4,0.3767410771956275,3.9810717055349695e-5,1,1
D_F,D_V,-0.42395702480123054,-4.266666666666667,0.3767410771956275,5.411695265464637e-5,1,1
D_F,D_V,-0.42395702480123054,-4.133333333333334,0.3767410771956275,7.356422544596406e-5,1,1
D_F,D_V,-0.42395702480123054,-4.0,0.3767410771956275,0.0001,1,1
D_F,D_V,-0.2906236914678972,-8.0,0.5121253909923362,1.0e-8,1,1
D_F,D_V,-0.2906236914678972,-7.866666666666666,0.5121253909923362,1.359356390878527e-8,1,1
D_F,D_V,-0.2906236914678972,-7.733333333333333,0.5121253909923362,1.8478497974222906e-8,1,1
D_F,D_V,-0.2906236914678972,-7.6,0.5121253909923362,2.511886431509582e-8,1,1
D_F,D_V,-0.2906236914678972,-7.466666666666667,0.5121253909923362,3.4145488738336004e-8,1,1
D_F,D_V,-0.2906236914678972,-7.333333333333333,0.5121253909923362,4.641588833612782e-8,1,1
D_F,D_V,-0.2906236914678972,-7.2,0.5121253909923362,6.30957344480193e-8,1,1
D_F,D_V,-0.2906236914678972,-7.066666666666666,0.5121253909923362,8.576958985908945e-8,1,1
D_F,D_V,-0.2906236914678972,-6.933333333333334,0.5121253909923362,1.1659144011798311e-7,1,1
D_F,D_V,-0.2906236914678972,-6.8,0.5121253909923362,1.584893192461114e-7,1,1
D_F,D_V,-0.2906236914678972,-6.666666666666667,0.5121253909923362,2.1544346900318822e-7,1,1
D_F,D_V,-0.2906236914678972,-6.533333333333333,0.5121253909923362,2.928644564625237e-7,1,1
D_F,D_V,-0.2906236914678972,-6.4,0.5121253909923362,3.981071705534969e-7,1,1
D_F,D_V,-0.2906236914678972,-6.266666666666667,0.5121253909923362,5.411695265464637e-7,1,1
D_F,D_V,-0.2906236914678972,-6.133333333333334,0.5121253909923362,7.356422544596406e-7,1,1
D_F,D_V,-0.2906236914678972,-6.0,0.5121253909923362,1.0e-6,1,1
D_F,D_V,-0.2906236914678972,-5.866666666666666,0.5121253909923362,1.359356390878527e-6,1,1
D_F,D_V,-0.2906236914678972,-5.733333333333333,0.5121253909923362,1.8478497974222906e-6,1,1
D_F,D_V,-0.2906236914678972,-5.6,0.5121253909923362,2.5118864315095823e-6,1,1
D_F,D_V,-0.2906236914678972,-5.466666666666667,0.5121253909923362,3.4145488738336005e-6,1,1
D_F,D_V,-0.2906236914678972,-5.333333333333333,0.5121253909923362,4.641588833612782e-6,1,1
D_F,D_V,-0.2906236914678972,-5.2,0.5121253909923362,6.30957344480193e-6,1,1
D_F,D_V,-0.2906236914678972,-5.066666666666666,0.5121253909923362,8.576958985908945e-6,1,1
D_F,D_V,-0.2906236914678972,-4.933333333333334,0.5121253909923362,1.165914401179831e-5,1,1
D_F,D_V,-0.2906236914678972,-4.8,0.5121253909923362,1.584893192461114e-5,1,1
D_F,D_V,-0.2906236914678972,-4.666666666666667,0.5121253909923362,2.1544346900318823e-5,1,1
D_F,D_V,-0.2906236914678972,-4.533333333333333,0.5121253909923362,2.9286445646252374e-5,1,1
D_F,D_V,-0.2906236914678972,-4.4,0.5121253909923362,3.9810717055349695e-5,1,1
D_F,D_V,-0.2906236914678972,-4.266666666666667,0.5121253909923362,5.411695265464637e-5,1,1
D_F,D_V,-0.2906236914678972,-4.133333333333334,0.5121253909923362,7.356422544596406e-5,1,1
D_F,D_V,-0.2906236914678972,-4.0,0.5121253909923362,0.0001,1,1
D_F,D_V,-0.15729035813456385,-8.0,0.696160923176596,1.0e-8,1,1
D_F,D_V,-0.15729035813456385,-7.866666666666666,0.696160923176596,1.359356390878527e-8,1,1
D_F,D_V,-0.15729035813456385,-7.733333333333333,0.696160923176596,1.8478497974222906e-8,1,1
D_F,D_V,-0.15729035813456385,-7.6,0.696160923176596,2.511886431509582e-8,1,1
D_F,D_V,-0.15729035813456385,-7.466666666666667,0.696160923176596,3.4145488738336004e-8,1,1
D_F,D_V,-0.15729035813456385,-7.333333333333333,0.696160923176596,4.641588833612782e-8,1,1
D_F,D_V,-0.15729035813456385,-7.2,0.696160923176596,6.30957344480193e-8,1,1
D_F,D_V,-0.15729035813456385,-7.066666666666666,0.696160923176596,8.576958985908945e-8,1,1
D_F,D_V,-0.15729035813456385,-6.933333333333334,0.696160923176596,1.1659144011798311e-7,1,1
D_F,D_V,-0.15729035813456385,-6.8,0.696160923176596,1.584893192461114e-7,1,1
D_F,D_V,-0.15729035813456385,-6.666666666666667,0.696160923176596,2.1544346900318822e-7,1,1
D_F,D_V,-0.15729035813456385,-6.533333333333333,0.696160923176596,2.928644564625237e-7,1,1
D_F,D_V,-0.15729035813456385,-6.4,0.696160923176596,3.981071705534969e-7,1,1
D_F,D_V,-0.15729035813456385,-6.266666666666667,0.696160923176596,5.411695265464637e-7,1,1
D_F,D_V,-0.15729035813456385,-6.133333333333334,0.696160923176596,7.356422544596406e-7,1,1
D_F,D_V,-0.15729035813456385,-6.0,0.696160923176596,1.0e-6,1,1
D_F,D_V,-0.15729035813456385,-5.866666666666666,0.696160923176596,1.359356390878527e-6,1,1
D_F,D_V,-0.15729035813456385,-5.733333333333333,0.696160923176596,1.8478497974222906e-6,1,1
D_F,D_V,-0.15729035813456385,-5.6,0.696160923176596,2.5118864315095823e-6,1,1
D_F,D_V,-0.15729035813456385,-5.466666666666667,0.696160923176596,3.4145488738336005e-6,1,1
D_F,D_V,-0.15729035813456385,-5.333333333333333,0.696160923176596,4.641588833612782e-6,1,1
D_F,D_V,-0.15729035813456385,-5.2,0.696160923176596,6.30957344480193e-6,1,1
D_F,D_V,-0.15729035813456385,-5.066666666666666,0.696160923176596,8.576958985908945e-6,1,1
D_F,D_V,-0.15729035813456385,-4.933333333333334,0.696160923176596,1.165914401179831e-5,1,1
D_F,D_V,-0.15729035813456385,-4.8,0.696160923176596,1.584893192461114e-5,1,1
D_F,D_V,-0.15729035813456385,-4.666666666666667,0.696160923176596,2.1544346900318823e-5,1,1
D_F,D_V,-0.15729035813456385,-4.533333333333333,0.696160923176596,2.9286445646252374e-5,1,1
D_F,D_V,-0.15729035813456385,-4.4,0.696160923176596,3.9810717055349695e-5,1,1
D_F,D_V,-0.15729035813456385,-4.266666666666667,0.696160923176596,5.411695265464637e-5,1,1
D_F,D_V,-0.15729035813456385,-4.133333333333334,0.696160923176596,7.356422544596406e-5,1,1
D_F,D_V,-0.15729035813456385,-4.0,0.696160923176596,0.0001,1,1
D_F,D_V,-0.02395702480123052,-8.0,0.9463308,1.0e-8,1,1
D_F,D_V,-0.02395702480123052,-7.866666666666666,0.9463308,1.359356390878527e-8,1,1
D_F,D_V,-0.02395702480123052,-7.733333333333333,0.9463308,1.8478497974222906e-8,1,1
D_F,D_V,-0.02395702480123052,-7.6,0.9463308,2.511886431509582e-8,1,1
D_F,D_V,-0.02395702480123052,-7.466666666666667,0.9463308,3.4145488738336004e-8,1,1
D_F,D_V,-0.02395702480123052,-7.333333333333333,0.9463308,4.641588833612782e-8,1,1
D_F,D_V,-0.02395702480123052,-7.2,0.9463308,6.30957344480193e-8,1,1
D_F,D_V,-0.02395702480123052,-7.066666666666666,0.9463308,8.576958985908945e-8,1,1
D_F,D_V,-0.02395702480123052,-6.933333333333334,0.9463308,1.1659144011798311e-7,1,1
D_F,D_V,-0.02395702480123052,-6.8,0.9463308,1.584893192461114e-7,1,1
D_F,D_V,-0.02395702480123052,-6.666666666666667,0.9463308,2.1544346900318822e-7,1,1
D_F,D_V,-0.02395702480123052,-6.533333333333333,0.9463308,2.928644564625237e-7,1,1
D_F,D_V,-0.02395702480123052,-6.4,0.9463308,3.981071705534969e-7,1,1
D_F,D_V,-0.02395702480123052,-6.266666666666667,0.9463308,5.411695265464637e-7,1,1
D_F,D_V,-0.02395702480123052,-6.133333333333334,0.9463308,7.356422544596406e-7,1,1
D_F,D_V,-0.02395702480123052,-6.0,0.9463308,1.0e-6,1,1
D_F,D_V,-0.02395702480123052,-5.866666666666666,0.9463308,1.359356390878527e-6,1,1
D_F,D_V,-0.02395702480123052,-5.733333333333333,0.9463308,1.8478497974222906e-6,1,1
D_F,D_V,-0.02395702480123052,-5.6,0.9463308,2.5118864315095823e-6,1,1
D_F,D_V,-0.02395702480123052,-5.466666666666667,0.9463308,3.4145488738336005e-6,1,1
D_F,D_V,-0.02395702480123052,-5.333333333333333,0.9463308,4.641588833612782e-6,1,1
D_F,D_V,-0.02395702480123052,-5.2,0.9463308,6.30957344480193e-6,1,1
D_F,D_V,-0.02395702480123052,-5.066666666666666,0.9463308,8.576958985908945e-6,1,1
D_F,D_V,-0.02395702480123052,-4.933333333333334,0.9463308,1.165914401179831e-5,1,1
D_F,D_V,-0.02395702480123052,-4.8,0.9463308,1.584893192461114e-5,1,1
D_F,D_V,-0.02395702480123052,-4.666666666666667,0.9463308,2.1544346900318823e-5,1,1
D_F,D_V,-0.02395702480123052,-4.533333333333333,0.9463308,2.9286445646252374e-5,1,1
D_F,D_V,-0.02395702480123052,-4.4,0.9463308,3.9810717055349695e-5,1,1
D_F,D_V,-0.02395702480123052,-4.266666666666667,0.9463308,5.411695265464637e-5,1,1
D_F,D_V,-0.02395702480123052,-4.133333333333334,0.9463308,7.356422544596406e-5,1,1
D_F,D_V,-0.02395702480123052,-4.0,0.9463308,0.0001,1,1
D_F,D_V,0.10937630853210283,-8.0,1.2864008208651878,1.0e-8,1,1
D_F,D_V,0.10937630853210283,-7.866666666666666,1.2864008208651878,1.359356390878527e-8,1,1
D_F,D_V,0.10937630853210283,-7.733333333333333,1.2864008208651878,1.8478497974222906e-8,1,1
D_F,D_V,0.10937630853210283,-7.6,1.2864008208651878,2.511886431509582e-8,1,1
D_F,D_V,0.10937630853210283,-7.466666666666667,1.2864008208651878,3.4145488738336004e-8,1,1
D_F,D_V,0.10937630853210283,-7.333333333333333,1.2864008208651878,4.641588833612782e-8,1,1
D_F,D_V,0.10937630853210283,-7.2,1.2864008208651878,6.30957344480193e-8,1,1
D_F,D_V,0.10937630853210283,-7.066666666666666,1.2864008208651878,8.576958985908945e-8,1,1
D_F,D_V,0.10937630853210283,-6.933333333333334,1.2864008208651878,1.1659144011798311e-7,1,1
D_F,D_V,0.10937630853210283,-6.8,1.2864008208651878,1.584893192461114e-7,1,1
D_F,D_V,0.10937630853210283,-6.666666666666667,1.2864008208651878,2.1544346900318822e-7,1,1
D_F,D_V,0.10937630853210283,-6.533333333333333,1.2864008208651878,2.928644564625237e-7,1,1
D_F,D_V,0.10937630853210283,-6.4,1.2864008208651878,3.981071705534969e-7,1,1
D_F,D_V,0.10937630853210283,-6.266666666666667,1.2864008208651878,5.411695265464637e-7,1,1
D_F,D_V,0.10937630853210283,-6.133333333333334,1.2864008208651878,7.356422544596406e-7,1,1
D_F,D_V,0.10937630853210283,-6.0,1.2864008208651878,1.0e-6,1,1
D_F,D_V,0.10937630853210283,-5.866666666666666,1.2864008208651878,1.359356390878527e-6,1,1
D_F,D_V,0.10937630853210283,-5.733333333333333,1.2864008208651878,1.8478497974222906e-6,1,1
D_F,D_V,0.10937630853210283,-5.6,1.2864008208651878,2.5118864315095823e-6,1,1
D_F,D_V,0.10937630853210283,-5.466666666666667,1.2864008208651878,3.4145488738336005e-6,1,1
D_F,D_V,0.10937630853210283,-5.333333333333333,1.2864008208651878,4.641588833612782e-6,1,1
D_F,D_V,0.10937630853210283,-5.2,1.2864008208651878,6.30957344480193e-6,1,1
D_F,D_V,0.10937630853210283,-5.066666666666666,1.2864008208651878,8.576958985908945e-6,1,1
D_F,D_V,0.10937630853210283,-4.933333333333334,1.2864008208651878,1.165914401179831e-5,1,1
D_F,D_V,0.10937630853210283,-4.8,1.2864008208651878,1.584893192461114e-5,1,1
D_F,D_V,0.10937630853210283,-4.666666666666667,1.2864008208651878,2.1544346900318823e-5,1,1
D_F,D_V,0.10937630853210283,-4.533333333333333,1.2864008208651878,2.9286445646252374e-5,1,1
D_F,D_V,0.10937630853210283,-4.4,1.2864008208651878,3.9810717055349695e-5,1,1
D_F,D_V,0.10937630853210283,-4.266666666666667,1.2864008208651878,5.411695265464637e-5,1,1
D_F,D_V,0.10937630853210283,-4.133333333333334,1.2864008208651878,7.356422544596406e-5,1,1
D_F,D_V,0.10937630853210283,-4.0,1.2864008208651878,0.0001,1,1
D_F,D_V,0.24270964186543617,-8.0,1.7486771770744747,1.0e-8,1,1
D_F,D_V,0.24270964186543617,-7.866666666666666,1.7486771770744747,1.359356390878527e-8,1,1
D_F,D_V,0.24270964186543617,-7.733333333333333,1.7486771770744747,1.8478497974222906e-8,1,1
D_F,D_V,0.24270964186543617,-7.6,1.7486771770744747,2.511886431509582e-8,1,1
D_F,D_V,0.24270964186543617,-7.466666666666667,1.7486771770744747,3.4145488738336004e-8,1,1
D_F,D_V,0.24270964186543617,-7.333333333333333,1.7486771770744747,4.641588833612782e-8,1,1
D_F,D_V,0.24270964186543617,-7.2,1.7486771770744747,6.30957344480193e-8,1,1
D_F,D_V,0.24270964186543617,-7.066666666666666,1.7486771770744747,8.576958985908945e-8,1,1
D_F,D_V,0.24270964186543617,-6.933333333333334,1.7486771770744747,1.1659144011798311e-7,1,1
D_F,D_V,0.24270964186543617,-6.8,1.7486771770744747,1.584893192461114e-7,1,1
D_F,D_V,0.24270964186543617,-6.666666666666667,1.7486771770744747,2.1544346900318822e-7,1,1
D_F,D_V,0.24270964186543617,-6.533333333333333,1.7486771770744747,2.928644564625237e-7,1,1
D_F,D_V,0.24270964186543617,-6.4,1.7486771770744747,3.981071705534969e-7,1,1
D_F,D_V,0.24270964186543617,-6.266666666666667,1.7486771770744747,5.411695265464637e-7,1,1
D_F,D_V,0.24270964186543617,-6.133333333333334,1.7486771770744747,7.356422544596406e-7,1,1
D_F,D_V,0.24270964186543617,-6.0,1.7486771770744747,1.0e-6,1,1
D_F,D_V,0.24270964186543617,-5.866666666666666,1.7486771770744747,1.359356390878527e-6,1,1
D_F,D_V,0.24270964186543617,-5.733333333333333,1.7486771770744747,1.8478497974222906e-6,1,1
D_F,D_V,0.24270964186543617,-5.6,1.7486771770744747,2.5118864315095823e-6,1,1
D_F,D_V,0.24270964186543617,-5.466666666666667,1.7486771770744747,3.4145488738336005e-6,1,1
D_F,D_V,0.24270964186543617,-5.333333333333333,1.7486771770744747,4.641588833612782e-6,1,1
D_F,D_V,0.24270964186543617,-5.2,1.7486771770744747,6.30957344480193e-6,1,1
D_F,D_V,0.24270964186543617,-5.066666666666666,1.7486771770744747,8.576958985908945e-6,1,1
D_F,D_V,0.24270964186543617,-4.933333333333334,1.7486771770744747,1.165914401179831e-5,1,1
D_F,D_V,0.24270964186543617,-4.8,1.7486771770744747,1.584893192461114e-5,1,1
D_F,D_V,0.24270964186543617,-4.666666666666667,1.7486771770744747,2.1544346900318823e-5,1,1
D_F,D_V,0.24270964186543617,-4.533333333333333,1.7486771770744747,2.9286445646252374e-5,1,1
D_F,D_V,0.24270964186543617,-4.4,1.7486771770744747,3.9810717055349695e-5,1,1
D_F,D_V,0.24270964186543617,-4.266666666666667,1.7486771770744747,5.411695265464637e-5,1,1
D_F,D_V,0.24270964186543617,-4.133333333333334,1.7486771770744747,7.356422544596406e-5,1,1
D_F,D_V,0.24270964186543617,-4.0,1.7486771770744747,0.0001,1,1
D_F,D_V,0.3760429751987695,-8.0,2.3770754962396063,1.0e-8,1,1
D_F,D_V,0.3760429751987695,-7.866666666666666,2.3770754962396063,1.359356390878527e-8,1,1
D_F,D_V,0.3760429751987695,-7.733333333333333,2.3770754962396063,1.8478497974222906e-8,1,1
D_F,D_V,0.3760429751987695,-7.6,2.3770754962396063,2.511886431509582e-8,1,1
D_F,D_V,0.3760429751987695,-7.466666666666667,2.3770754962396063,3.4145488738336004e-8,1,1
D_F,D_V,0.3760429751987695,-7.333333333333333,2.3770754962396063,4.641588833612782e-8,1,1
D_F,D_V,0.3760429751987695,-7.2,2.3770754962396063,6.30957344480193e-8,1,1
D_F,D_V,0.3760429751987695,-7.066666666666666,2.3770754962396063,8.576958985908945e-8,1,1
D_F,D_V,0.3760429751987695,-6.933333333333334,2.3770754962396063,1.1659144011798311e-7,1,1
D_F,D_V,0.3760429751987695,-6.8,2.3770754962396063,1.584893192461114e-7,1,1
D_F,D_V,0.3760429751987695,-6.666666666666667,2.3770754962396063,2.1544346900318822e-7,1,1
D_F,D_V,0.3760429751987695,-6.533333333333333,2.3770754962396063,2.928644564625237e-7,1,1
D_F,D_V,0.3760429751987695,-6.4,2.3770754962396063,3.981071705534969e-7,1,1
D_F,D_V,0.3760429751987695,-6.266666666666667,2.3770754962396063,5.411695265464637e-7,1,1
D_F,D_V,0.3760429751987695,-6.133333333333334,2.3770754962396063,7.356422544596406e-7,1,1
D_F,D_V,0.3760429751987695,-6.0,2.3770754962396063,1.0e-6,1,1
D_F,D_V,0.3760429751987695,-5.866666666666666,2.3770754962396063,1.359356390878527e-6,1,1
D_F,D_V,0.3760429751987695,-5.733333333333333,2.3770754962396063,1.8478497974222906e-6,1,1
D_F,D_V,0.3760429751987695,-5.6,2.3770754962396063,2.5118864315095823e-6,1,1
D_F,D_V,0.3760429751987695,-5.466666666666667,2.3770754962396063,3.4145488738336005e-6,1,1
D_F,D_V,0.3760429751987695,-5.333333333333333,2.3770754962396063,4.641588833612782e-6,1,1
D_F,D_V,0.3760429751987695,-5.2,2.3770754962396063,6.30957344480193e-6,1,1
D_F,D_V,0.3760429751987695,-5.066666666666666,2.3770754962396063,8.576958985908945e-6,1,1
D_F,D_V,0.3760429751987695,-4.933333333333334,2.3770754962396063,1.165914401179831e-5,1,1
D_F,D_V,0.3760429751987695,-4.8,2.3770754962396063,1.584893192461114e-5,1,1
D_F,D_V,0.3760429751987695,-4.666666666666667,2.3770754962396063,2.1544346900318823e-5,1,1
D_F,D_V,0.3760429751987695,-4.533333333333333,2.3770754962396063,2.9286445646252374e-5,1,1
D_F,D_V,0.3760429751987695,-4.4,2.3770754962396063,3.9810717055349695e-5,1,1
D_F,D_V,0.3760429751987695,-4.266666666666667,2.3770754962396063,5.411695265464637e-5,1,1
D_F,D_V,0.3760429751987695,-4.133333333333334,2.3770754962396063,7.356422544596406e-5,1,1
D_F,D_V,0.3760429751987695,-4.0,2.3770754962396063,0.0001,0,1
D_F,D_V,0.5093763085321028,-8.0,3.2312927674140512,1.0e-8,1,1
D_F,D_V,0.5093763085321028,-7.866666666666666,3.2312927674140512,1.359356390878527e-8,1,1
D_F,D_V,0.5093763085321028,-7.733333333333333,3.2312927674140512,1.8478497974222906e-8,1,1
D_F,D_V,0.5093763085321028,-7.6,3.2312927674140512,2.511886431509582e-8,1,1
D_F,D_V,0.5093763085321028,-7.466666666666667,3.2312927674140512,3.4145488738336004e-8,1,1
D_F,D_V,0.5093763085321028,-7.333333333333333,3.2312927674140512,4.641588833612782e-8,1,1
D_F,D_V,0.5093763085321028,-7.2,3.2312927674140512,6.30957344480193e-8,1,1
D_F,D_V,0.5093763085321028,-7.066666666666666,3.2312927674140512,8.576958985908945e-8,1,1
D_F,D_V,0.5093763085321028,-6.933333333333334,3.2312927674140512,1.1659144011798311e-7,1,1
D_F,D_V,0.5093763085321028,-6.8,3.2312927674140512,1.584893192461114e-7,1,1
D_F,D_V,0.5093763085321028,-6.666666666666667,3.2312927674140512,2.1544346900318822e-7,1,1
D_F,D_V,0.5093763085321028,-6.533333333333333,3.2312927674140512,2.928644564625237e-7,1,1
D_F,D_V,0.5093763085321028,-6.4,3.2312927674140512,3.981071705534969e-7,1,1
D_F,D_V,0.5093763085321028,-6.266666666666667,3.2312927674140512,5.411695265464637e-7,1,1
D_F,D_V,0.5093763085321028,-6.133333333333334,3.2312927674140512,7.356422544596406e-7,1,1
D_F,D_V,0.5093763085321028,-6.0,3.2312927674140512,1.0e-6,1,1
D_F,D_V,0.5093763085321028,-5.866666666666666,3.2312927674140512,1.359356390878527e-6,1,1
D_F,D_V,0.5093763085321028,-5.733333333333333,3.2312927674140512,1.8478497974222906e-6,1,1
D_F,D_V,0.5093763085321028,-5.6,3.2312927674140512,2.5118864315095823e-6,1,1
D_F,D_V,0.5093763085321028,-5.466666666666667,3.2312927674140512,3.4145488738336005e-6,1,1
D_F,D_V,0.5093763085321028,-5.333333333333333,3.2312927674140512,4.641588833612782e-6,1,1
D_F,D_V,0.5093763085321028,-5.2,3.2312927674140512,6.30957344480193e-6,1,1
D_F,D_V,0.5093763085321028,-5.066666666666666,3.2312927674140512,8.576958985908945e-6,1,1
D_F,D_V,0.5093763085321028,-4.933333333333334,3.2312927674140512,1.165914401179831e-5,1,1
D_F,D_V,0.5093763085321028,-4.8,3.2312927674140512,1.584893192461114e-5,1,1
D_F,D_V,0.5093763085321028,-4.666666666666667,3.2312927674140512,2.1544346900318823e-5,1,1
D_F,D_V,0.5093763085321028,-4.533333333333333,3.2312927674140512,2.9286445646252374e-5,1,1
D_F,D_V,0.5093763085321028,-4.4,3.2312927674140512,3.9810717055349695e-5,1,1
D_F,D_V,0.5093763085321028,-4.266666666666667,3.2312927674140512,5.411695265464637e-5,1,1
D_F,D_V,0.5093763085321028,-4.133333333333334,3.2312927674140512,7.356422544596406e-5,0,1
D_F,D_V,0.5093763085321028,-4.0,3.2312927674140512,0.0001,0,1
D_F,D_V,0.6427096418654362,-8.0,4.392478474183848,1.0e-8,1,1
D_F,D_V,0.6427096418654362,-7.866666666666666,4.392478474183848,1.359356390878527e-8,1,1
D_F,D_V,0.6427096418654362,-7.733333333333333,4.392478474183848,1.8478497974222906e-8,1,1
D_F,D_V,0.6427096418654362,-7.6,4.392478474183848,2.511886431509582e-8,1,1
D_F,D_V,0.6427096418654362,-7.466666666666667,4.392478474183848,3.4145488738336004e-8,1,1
D_F,D_V,0.6427096418654362,-7.333333333333333,4.392478474183848,4.641588833612782e-8,1,1
D_F,D_V,0.6427096418654362,-7.2,4.392478474183848,6.30957344480193e-8,1,1
D_F,D_V,0.6427096418654362,-7.066666666666666,4.392478474183848,8.576958985908945e-8,1,1
D_F,D_V,0.6427096418654362,-6.933333333333334,4.392478474183848,1.1659144011798311e-7,1,1
D_F,D_V,0.6427096418654362,-6.8,4.392478474183848,1.584893192461114e-7,1,1
D_F,D_V,0.6427096418654362,-6.666666666666667,4.392478474183848,2.1544346900318822e-7,1,1
D_F,D_V,0.6427096418654362,-6.533333333333333,4.392478474183848,2.928644564625237e-7,1,1
D_F,D_V,0.6427096418654362,-6.4,4.392478474183848,3.981071705534969e-7,1,1
D_F,D_V,0.6427096418654362,-6.266666666666667,4.392478474183848,5.411695265464637e-7,1,1
D_F,D_V,0.6427096418654362,-6.133333333333334,4.392478474183848,7.356422544596406e-7,1,1
D_F,D_V,0.6427096418654362,-6.0,4.392478474183848,1.0e-6,1,1
D_F,D_V,0.6427096418654362,-5.866666666666666,4.392478474183848,1.359356390878527e-6,1,1
D_F,D_V,0.6427096418654362,-5.733333333333333,4.392478474183848,1.8478497974222906e-6,1,1
D_F,D_V,0.6427096418654362,-5.6,4.392478474183848,2.5118864315095823e-6,1,1
D_F,D_V,0.6427096418654362,-5.466666666666667,4.392478474183848,3.4145488738336005e-6,1,1
D_F,D_V,0.6427096418654362,-5.333333333333333,4.392478474183848,4.641588833612782e-6,1,1
D_F,D_V,0.6427096418654362,-5.2,4.392478474183848,6.30957344480193e-6,1,1
D_F,D_V,0.6427096418654362,-5.066666666666666,4.392478474183848,8.576958985908945e-6,1,1
D_F,D_V,0.6427096418654362,-4.933333333333334,4.392478474183848,1.165914401179831e-5,1,1
D_F,D_V,0.6427096418654362,-4.8,4.392478474183848,1.584893192461114e-5,1,1
D_F,D_V,0.6427096418654362,-4.666666666666667,4.392478474183848,2.1544346900318823e-5,1,1
D_F,D_V,0.6427096418654362,-4.533333333333333,4.392478474183848,2.9286445646252374e-5,1,1
D_F,D_V,0.6427096418654362,-4.4,4.392478474183848,3.9810717055349695e-5,1,1
D_F,D_V,0.6427096418654362,-4.266666666666667,4.392478474183848,5.411695265464637e-5,1,1
D_F,D_V,0.6427096418654362,-4.133333333333334,4.392478474183848,7.356422544596406e-5,0,1
D_F,D_V,0.6427096418654362,-4.0,4.392478474183848,0.0001,0,1
D_F,D_V,0.7760429751987695,-8.0,5.9709436856781695,1.0e-8,1,1
D_F,D_V,0.7760429751987695,-7.866666666666666,5.9709436856781695,1.359356390878527e-8,1,1
D_F,D_V,0.7760429751987695,-7.733333333333333,5.9709436856781695,1.8478497974222906e-8,1,1
D_F,D_V,0.7760429751987695,-7.6,5.9709436856781695,2.511886431509582e-8,1,1
D_F,D_V,0.7760429751987695,-7.466666666666667,5.9709436856781695,3.4145488738336004e-8,1,1
D_F,D_V,0.7760429751987695,-7.333333333333333,5.9709436856781695,4.641588833612782e-8,1,1
D_F,D_V,0.7760429751987695,-7.2,5.9709436856781695,6.30957344480193e-8,1,1
D_F,D_V,0.7760429751987695,-7.066666666666666,5.9709436856781695,8.576958985908945e-8,1,1
D_F,D_V,0.7760429751987695,-6.933333333333334,5.9709436856781695,1.1659144011798311e-7,1,1
D_F,D_V,0.7760429751987695,-6.8,5.9709436856781695,1.584893192461114e-7,1,1
D_F,D_V,0.7760429751987695,-6.666666666666667,5.9709436856781695,2.1544346900318822e-7,1,1
D_F,D_V,0.7760429751987695,-6.533333333333333,5.9709436856781695,2.928644564625237e-7,1,1
D_F,D_V,0.7760429751987695,-6.4,5.9709436856781695,3.981071705534969e-7,1,1
D_F,D_V,0.7760429751987695,-6.266666666666667,5.9709436856781695,5.411695265464637e-7,1,1
D_F,D_V,0.7760429751987695,-6.133333333333334,5.9709436856781695,7.356422544596406e-7,1,1
D_F,D_V,0.7760429751987695,-6.0,5.9709436856781695,1.0e-6,1,1
D_F,D_V,0.7760429751987695,-5.866666666666666,5.9709436856781695,1.359356390878527e-6,1,1
D_F,D_V,0.7760429751987695,-5.733333333333333,5.9709436856781695,1.8478497974222906e-6,1,1
D_F,D_V,0.7760429751987695,-5.6,5.9709436856781695,2.5118864315095823e-6,1,1
D_F,D_V,0.7760429751987695,-5.466666666666667,5.9709436856781695,3.4145488738336005e-6,1,1
D_F,D_V,0.7760429751987695,-5.333333333333333,5.9709436856781695,4.641588833612782e-6,1,1
D_F,D_V,0.7760429751987695,-5.2,5.9709436856781695,6.30957344480193e-6,1,1
D_F,D_V,0.7760429751987695,-5.066666666666666,5.9709436856781695,8.576958985908945e-6,1,1
D_F,D_V,0.7760429751987695,-4.933333333333334,5.9709436856781695,1.165914401179831e-5,1,1
D_F,D_V,0.7760429751987695,-4.8,5.9709436856781695,1.584893192461114e-5,1,1
D_F,D_V,0.7760429751987695,-4.666666666666667,5.9709436856781695,2.1544346900318823e-5,1,1
D_F,D_V,0.7760429751987695,-4.533333333333333,5.9709436856781695,2.9286445646252374e-5,1,1
D_F,D_V,0.7760429751987695,-4.4,5.9709436856781695,3.9810717055349695e-5,1,1
D_F,D_V,0.7760429751987695,-4.266666666666667,5.9709436856781695,5.411695265464637e-5,0,1
D_F,D_V,0.7760429751987695,-4.133333333333334,5.9709436856781695,7.356422544596406e-5,0,1
D_F,D_V,0.7760429751987695,-4.0,5.9709436856781695,0.0001,0,1
D_F,D_V,0.9093763085321028,-8.0,8.116640458702397,1.0e-8,1,1
D_F,D_V,0.9093763085321028,-7.866666666666666,8.116640458702397,1.359356390878527e-8,1,1
D_F,D_V,0.9093763085321028,-7.733333333333333,8.116640458702397,1.8478497974222906e-8,1,1
D_F,D_V,0.9093763085321028,-7.6,8.116640458702397,2.511886431509582e-8,1,1
D_F,D_V,0.9093763085321028,-7.466666666666667,8.116640458702397,3.4145488738336004e-8,1,1
D_F,D_V,0.9093763085321028,-7.333333333333333,8.116640458702397,4.641588833612782e-8,1,1
D_F,D_V,0.9093763085321028,-7.2,8.116640458702397,6.30957344480193e-8,1,1
D_F,D_V,0.9093763085321028,-7.066666666666666,8.116640458702397,8.576958985908945e-8,1,1
D_F,D_V,0.9093763085321028,-6.933333333333334,8.116640458702397,1.1659144011798311e-7,1,1
D_F,D_V,0.9093763085321028,-6.8,8.116640458702397,1.584893192461114e-7,1,1
D_F,D_V,0.9093763085321028,-6.666666666666667,8.116640458702397,2.1544346900318822e-7,1,1
D_F,D_V,0.9093763085321028,-6.533333333333333,8.116640458702397,2.928644564625237e-7,1,1
D_F,D_V,0.9093763085321028,-6.4,8.116640458702397,3.981071705534969e-7,1,1
D_F,D_V,0.9093763085321028,-6.266666666666667,8.116640458702397,5.411695265464637e-7,1,1
D_F,D_V,0.9093763085321028,-6.133333333333334,8.116640458702397,7.356422544596406e-7,1,1
D_F,D_V,0.9093763085321028,-6.0,8.116640458702397,1.0e-6,1,1
D_F,D_V,0.9093763085321028,-5.866666666666666,8.116640458702397,1.359356390878527e-6,1,1
D_F,D_V,0.9093763085321028,-5.733333333333333,8.116640458702397,1.8478497974222906e-6,1,1
D_F,D_V,0.9093763085321028,-5.6,8.116640458702397,2.5118864315095823e-6,1,1
D_F,D_V,0.9093763085321028,-5.466666666666667,8.116640458702397,3.4145488738336005e-6,1,1
D_F,D_V,0.9093763085321028,-5.333333333333333,8.116640458702397,4.641588833612782e-6,1,1
D_F,D_V,0.9093763085321028,-5.2,8.116640458702397,6.30957344480193e-6,1,1
D_F,D_V,0.9093763085321028,-5.066666666666666,8.116640458702397,8.576958985908945e-6,1,1
D_F,D_V,0.9093763085321028,-4.933333333333334,8.116640458702397,1.165914401179831e-5,1,1
D_F,D_V,0.9093763085321028,-4.8,8.116640458702397,1.584893192461114e-5,1,1
D_F,D_V,0.9093763085321028,-4.666666666666667,8.116640458702397,2.1544346900318823e-5,1,1
D_F,D_V,0.9093763085321028,-4.533333333333333,8.116640458702397,2.9286445646252374e-5,1,1
D_F,D_V,0.9093763085321028,-4.4,8.116640458702397,3.9810717055349695e-5,1,1
D_F,D_V,0.9093763085321028,-4.266666666666667,8.116640458702397,5.411695265464637e-5,0,1
D_F,D_V,0.9093763085321028,-4.133333333333334,8.116640458702397,7.356422544596406e-5,0,1
D_F,D_V,0.9093763085321028,-4.0,8.116640458702397,0.0001,0,1
D_F,D_V,1.0427096418654362,-8.0,11.033407080000313,1.0e-8,1,1
D_F,D_V,1.0427096418654362,-7.866666666666666,11.033407080000313,1.359356390878527e-8,1,1
D_F,D_V,1.0427096418654362,-7.733333333333333,11.033407080000313,1.8478497974222906e-8,1,1
D_F,D_V,1.0427096418654362,-7.6,11.033407080000313,2.511886431509582e-8,1,1
D_F,D_V,1.0427096418654362,-7.466666666666667,11.033407080000313,3.4145488738336004e-8,1,1
D_F,D_V,1.0427096418654362,-7.333333333333333,11.033407080000313,4.641588833612782e-8,1,1
D_F,D_V,1.0427096418654362,-7.2,11.033407080000313,6.30957344480193e-8,1,1
D_F,D_V,1.0427096418654362,-7.066666666666666,11.033407080000313,8.576958985908945e-8,1,1
D_F,D_V,1.0427096418654362,-6.933333333333334,11.033407080000313,1.1659144011798311e-7,1,1
D_F,D_V,1.0427096418654362,-6.8,11.033407080000313,1.584893192461114e-7,1,1
D_F,D_V,1.0427096418654362,-6.666666666666667,11.033407080000313,2.1544346900318822e-7,1,1
D_F,D_V,1.0427096418654362,-6.533333333333333,11.033407080000313,2.928644564625237e-7,1,1
D_F,D_V,1.0427096418654362,-6.4,11.033407080000313,3.981071705534969e-7,1,1
D_F,D_V,1.0427096418654362,-6.266666666666667,11.033407080000313,5.411695265464637e-7,1,1
D_F,D_V,1.0427096418654362,-6.133333333333334,11.033407080000313,7.356422544596406e-7,1,1
D_F,D_V,1.0427096418654362,-6.0,11.033407080000313,1.0e-6,1,1
D_F,D_V,1.0427096418654362,-5.866666666666666,11.033407080000313,1.359356390878527e-6,1,1
D_F,D_V,1.0427096418654362,-5.733333333333333,11.033407080000313,1.8478497974222906e-6,1,1
D_F,D_V,1.0427096418654362,-5.6,11.033407080000313,2.5118864315095823e-6,1,1
D_F,D_V,1.0427096418654362,-5.466666666666667,11.033407080000313,3.4145488738336005e-6,1,1
D_F,D_V,1.0427096418654362,-5.333333333333333,11.033407080000313,4.641588833612782e-6,1,1
D_F,D_V,1.0427096418654362,-5.2,11.033407080000313,6.30957344480193e-6,1,1
D_F,D_V,1.0427096418654362,-5.066666666666666,11.033407080000313,8.576958985908945e-6,1,1
D_F,D_V,1.0427096418654362,-4.933333333333334,11.033407080000313,1.165914401179831e-5,1,1
D_F,D_V,1.0427096418654362,-4.8,11.033407080000313,1.584893192461114e-5,1,1
D_F,D_V,1.0427096418654362,-4.666666666666667,11.033407080000313,2.1544346900318823e-5,1,1
D_F,D_V,1.0427096418654362,-4.533333333333333,11.033407080000313,2.9286445646252374e-5,1,1
D_F,D_V,1.0427096418654362,-4.4,11.033407080000313,3.9810717055349695e-5,1,1
D_F,D_V,1.0427096418654362,-4.266666666666667,11.033407080000313,5.411695265464637e-5,0,1
D_F,D_V,1.0427096418654362,-4.133333333333334,11.033407080000313,7.356422544596406e-5,0,1
D_F,D_V,1.0427096418654362,-4.0,11.033407080000313,0.0001,0,1
D_F,D_V,1.1760429751987695,-8.0,14.998332427362797,1.0e-8,1,1
D_F,D_V,1.1760429751987695,-7.866666666666666,14.998332427362797,1.359356390878527e-8,1,1
D_F,D_V,1.1760429751987695,-7.733333333333333,14.998332427362797,1.8478497974222906e-8,1,1
D_F,D_V,1.1760429751987695,-7.6,14.998332427362797,2.511886431509582e-8,1,1
D_F,D_V,1.1760429751987695,-7.466666666666667,14.998332427362797,3.4145488738336004e-8,1,1
D_F,D_V,1.1760429751987695,-7.333333333333333,14.998332427362797,4.641588833612782e-8,1,1
D_F,D_V,1.1760429751987695,-7.2,14.998332427362797,6.30957344480193e-8,1,1
D_F,D_V,1.1760429751987695,-7.066666666666666,14.998332427362797,8.576958985908945e-8,1,1
D_F,D_V,1.1760429751987695,-6.933333333333334,14.998332427362797,1.1659144011798311e-7,1,1
D_F,D_V,1.1760429751987695,-6.8,14.998332427362797,1.584893192461114e-7,1,1
D_F,D_V,1.1760429751987695,-6.666666666666667,14.998332427362797,2.1544346900318822e-7,1,1
D_F,D_V,1.1760429751987695,-6.533333333333333,14.998332427362797,2.928644564625237e-7,1,1
D_F,D_V,1.1760429751987695,-6.4,14.998332427362797,3.981071705534969e-7,1,1
D_F,D_V,1.1760429751987695,-6.266666666666667,14.998332427362797,5.411695265464637e-7,1,1
D_F,D_V,1.1760429751987695,-6.133333333333334,14.998332427362797,7.356422544596406e-7,1,1
D_F,D_V,1.1760429751987695,-6.0,14.998332427362797,1.0e-6,1,1
D_F,D_V,1.1760429751987695,-5.866666666666666,14.998332427362797,1.359356390878527e-6,1,1
D_F,D_V,1.1760429751987695,-5.733333333333333,14.998332427362797,1.8478497974222906e-6,1,1
D_F,D_V,1.1760429751987695,-5.6,14.998332427362797,2.5118864315095823e-6,1,1
D_F,D_V,1.1760429751987695,-5.466666666666667,14.998332427362797,3.4145488738336005e-6,1,1
D_F,D_V,1.1760429751987695,-5.333333333333333,14.998332427362797,4.641588833612782e-6,1,1
D_F,D_V,1.1760429751987695,-5.2,14.998332427362797,6.30957344480193e-6,1,1
D_F,D_V,1.1760429751987695,-5.066666666666666,14.998332427362797,8.576958985908945e-6,1,1
D_F,D_V,1.1760429751987695,-4.933333333333334,14.998332427362797,1.165914401179831e-5,1,1
D_F,D_V,1.1760429751987695,-4.8,14.998332427362797,1.584893192461114e-5,1,1
D_F,D_V,1.1760429751987695,-4.666666666666667,14.998332427362797,2.1544346900318823e-5,1,1
D_F,D_V,1.1760429751987695,-4.533333333333333,14.998332427362797,2.9286445646252374e-5,1,1
D_F,D_V,1.1760429751987695,-4.4,14.998332427362797,3.9810717055349695e-5,1,1
D_F,D_V,1.1760429751987695,-4.266666666666667,14.998332427362797,5.411695265464637e-5,0,1
D_F,D_V,1.1760429751987695,-4.133333333333334,14.998332427362797,7.356422544596406e-5,0,1
D_F,D_V,1.1760429751987695,-4.0,14.998332427362797,0.0001,0,1
D_F,D_V,1.3093763085321029,-8.0,20.388079037656247,1.0e-8,1,1
D_F,D_V,1.3093763085321029,-7.866666666666666,20.388079037656247,1.359356390878527e-8,1,1
D_F,D_V,1.3093763085321029,-7.733333333333333,20.388079037656247,1.8478497974222906e-8,1,1
D_F,D_V,1.3093763085321029,-7.6,20.388079037656247,2.511886431509582e-8,1,1
D_F,D_V,1.3093763085321029,-7.466666666666667,20.388079037656247,3.4145488738336004e-8,1,1
D_F,D_V,1.3093763085321029,-7.333333333333333,20.388079037656247,4.641588833612782e-8,1,1
D_F,D_V,1.3093763085321029,-7.2,20.388079037656247,6.30957344480193e-8,1,1
D_F,D_V,1.3093763085321029,-7.066666666666666,20.388079037656247,8.576958985908945e-8,1,1
D_F,D_V,1.3093763085321029,-6.933333333333334,20.388079037656247,1.1659144011798311e-7,1,1
D_F,D_V,1.3093763085321029,-6.8,20.388079037656247,1.584893192461114e-7,1,1
D_F,D_V,1.3093763085321029,-6.666666666666667,20.388079037656247,2.1544346900318822e-7,1,1
D_F,D_V,1.3093763085321029,-6.533333333333333,20.388079037656247,2.928644564625237e-7,1,1
D_F,D_V,1.3093763085321029,-6.4,20.388079037656247,3.981071705534969e-7,1,1
D_F,D_V,1.3093763085321029,-6.266666666666667,20.388079037656247,5.411695265464637e-7,1,1
D_F,D_V,1.3093763085321029,-6.133333333333334,20.388079037656247,7.356422544596406e-7,1,1
D_F,D_V,1.3093763085321029,-6.0,20.388079037656247,1.0e-6,1,1
D_F,D_V,1.3093763085321029,-5.866666666666666,20.388079037656247,1.359356390878527e-6,1,1
D_F,D_V,1.3093763085321029,-5.733333333333333,20.388079037656247,1.8478497974222906e-6,1,1
D_F,D_V,1.3093763085321029,-5.6,20.388079037656247,2.5118864315095823e-6,1,1
D_F,D_V,1.3093763085321029,-5.466666666666667,20.388079037656247,3.4145488738336005e-6,1,1
D_F,D_V,1.3093763085321029,-5.333333333333333,20.388079037656247,4.641588833612782e-6,1,1
D_F,D_V,1.3093763085321029,-5.2,20.388079037656247,6.30957344480193e-6,1,1
D_F,D_V,1.3093763085321029,-5.066666666666666,20.388079037656247,8.576958985908945e-6,1,1
D_F,D_V,1.3093763085321029,-4.933333333333334,20.388079037656247,1.165914401179831e-5,1,1
D_F,D_V,1.3093763085321029,-4.8,20.388079037656247,1.584893192461114e-5,1,1
D_F,D_V,1.3093763085321029,-4.666666666666667,20.388079037656247,2.1544346900318823e-5,1,1
D_F,D_V,1.3093763085321029,-4.533333333333333,20.388079037656247,2.9286445646252374e-5,1,1
D_F,D_V,1.3093763085321029,-4.4,20.388079037656247,3.9810717055349695e-5,1,1
D_F,D_V,1.3093763085321029,-4.266666666666667,20.388079037656247,5.411695265464637e-5,0,1
D_F,D_V,1.3093763085321029,-4.133333333333334,20.388079037656247,7.356422544596406e-5,0,1
D_F,D_V,1.3093763085321029,-4.0,20.388079037656247,0.0001,0,1
D_F,D_V,1.4427096418654362,-8.0,27.71466553757452,1.0e-8,1,1
D_F,D_V,1.4427096418654362,-7.866666666666666,27.71466553757452,1.359356390878527e-8,1,1
D_F,D_V,1.4427096418654362,-7.733333333333333,27.71466553757452,1.8478497974222906e-8,1,1
D_F,D_V,1.4427096418654362,-7.6,27.71466553757452,2.511886431509582e-8,1,1
D_F,D_V,1.4427096418654362,-7.466666666666667,27.71466553757452,3.4145488738336004e-8,1,1
D_F,D_V,1.4427096418654362,-7.333333333333333,27.71466553757452,4.641588833612782e-8,1,1
D_F,D_V,1.4427096418654362,-7.2,27.71466553757452,6.30957344480193e-8,1,1
D_F,D_V,1.4427096418654362,-7.066666666666666,27.71466553757452,8.576958985908945e-8,1,1
D_F,D_V,1.4427096418654362,-6.933333333333334,27.71466553757452,1.1659144011798311e-7,1,1
D_F,D_V,1.4427096418654362,-6.8,27.71466553757452,1.584893192461114e-7,1,1
D_F,D_V,1.4427096418654362,-6.666666666666667,27.71466553757452,2.1544346900318822e-7,1,1
D_F,D_V,1.4427096418654362,-6.533333333333333,27.71466553757452,2.928644564625237e-7,1,1
D_F,D_V,1.4427096418654362,-6.4,27.71466553757452,3.981071705534969e-7,1,1
D_F,D_V,1.4427096418654362,-6.266666666666667,27.71466553757452,5.411695265464637e-7,1,1
D_F,D_V,1.4427096418654362,-6.133333333333334,27.71466553757452,7.356422544596406e-7,1,1
D_F,D_V,1.4427096418654362,-6.0,27.71466553757452,1.0e-6,1,1
D_F,D_V,1.4427096418654362,-5.866666666666666,27.71466553757452,1.359356390878527e-6,1,1
D_F,D_V,1.4427096418654362,-5.733333333333333,27.71466553757452,1.8478497974222906e-6,1,1
D_F,D_V,1.4427096418654362,-5.6,27.71466553757452,2.5118864315095823e-6,1,1
D_F,D_V,1.4427096418654362,-5.466666666666667,27.71466553757452,3.4145488738336005e-6,1,1
D_F,D_V,1.4427096418654362,-5.333333333333333,27.71466553757452,4.641588833612782e-6,1,1
D_F,D_V,1.4427096418654362,-5.2,27.71466553757452,6.30957344480193e-6,1,1
D_F,D_V,1.4427096418654362,-5.066666666666666,27.71466553757452,8.576958985908945e-6,1,1
D_F,D_V,1.4427096418654362,-4.933333333333334,27.71466553757452,1.165914401179831e-5,1,1
D_F,D_V,1.4427096418654362,-4.8,27.71466553757452,1.584893192461114e-5,1,1
D_F,D_V,1.4427096418654362,-4.666666666666667,27.71466553757452,2.1544346900318823e-5,1,1
D_F,D_V,1.4427096418654362,-4.533333333333333,27.71466553757452,2.9286445646252374e-5,1,1
D_F,D_V,1.4427096418654362,-4.4,27.71466553757452,3.9810717055349695e-5,1,1
D_F,D_V,1.4427096418654362,-4.266666666666667,27.71466553757452,5.411695265464637e-5,0,1
D_F,D_V,1.4427096418654362,-4.133333333333334,27.71466553757452,7.356422544596406e-5,0,1
D_F,D_V,1.4427096418654362,-4.0,27.71466553757452,0.0001,0,1
D_F,D_V,1.5760429751987695,-8.0,37.67410771956275,1.0e-8,1,1
D_F,D_V,1.5760429751987695,-7.866666666666666,37.67410771956275,1.359356390878527e-8,1,1
D_F,D_V,1.5760429751987695,-7.733333333333333,37.67410771956275,1.8478497974222906e-8,1,1
D_F,D_V,1.5760429751987695,-7.6,37.67410771956275,2.511886431509582e-8,1,1
D_F,D_V,1.5760429751987695,-7.466666666666667,37.67410771956275,3.4145488738336004e-8,1,1
D_F,D_V,1.5760429751987695,-7.333333333333333,37.67410771956275,4.641588833612782e-8,1,1
D_F,D_V,1.5760429751987695,-7.2,37.67410771956275,6.30957344480193e-8,1,1
D_F,D_V,1.5760429751987695,-7.066666666666666,37.67410771956275,8.576958985908945e-8,1,1
D_F,D_V,1.5760429751987695,-6.933333333333334,37.67410771956275,1.1659144011798311e-7,1,1
D_F,D_V,1.5760429751987695,-6.8,37.67410771956275,1.584893192461114e-7,1,1
D_F,D_V,1.5760429751987695,-6.666666666666667,37.67410771956275,2.1544346900318822e-7,1,1
D_F,D_V,1.5760429751987695,-6.533333333333333,37.67410771956275,2.928644564625237e-7,1,1
D_F,D_V,1.5760429751987695,-6.4,37.67410771956275,3.981071705534969e-7,1,1
D_F,D_V,1.5760429751987695,-6.266666666666667,37.67410771956275,5.411695265464637e-7,1,1
D_F,D_V,1.5760429751987695,-6.133333333333334,37.67410771956275,7.356422544596406e-7,1,1
D_F,D_V,1.5760429751987695,-6.0,37.67410771956275,1.0e-6,1,1
D_F,D_V,1.5760429751987695,-5.866666666666666,37.67410771956275,1.359356390878527e-6,1,1
D_F,D_V,1.5760429751987695,-5.733333333333333,37.67410771956275,1.8478497974222906e-6,1,1
D_F,D_V,1.5760429751987695,-5.6,37.67410771956275,2.5118864315095823e-6,1,1
D_F,D_V,1.5760429751987695,-5.466666666666667,37.67410771956275,3.4145488738336005e-6,1,1
D_F,D_V,1.5760429751987695,-5.333333333333333,37.67410771956275,4.641588833612782e-6,1,1
D_F,D_V,1.5760429751987695,-5.2,37.67410771956275,6.30957344480193e-6,1,1
D_F,D_V,1.5760429751987695,-5.066666666666666,37.67410771956275,8.576958985908945e-6,1,1
D_F,D_V,1.5760429751987695,-4.933333333333334,37.67410771956275,1.165914401179831e-5,1,1
D_F,D_V,1.5760429751987695,-4.8,37.67410771956275,1.584893192461114e-5,1,1
D_F,D_V,1.5760429751987695,-4.666666666666667,37.67410771956275,2.1544346900318823e-5,1,1
D_F,D_V,1.5760429751987695,-4.533333333333333,37.67410771956275,2.9286445646252374e-5,1,1
D_F,D_V,1.5760429751987695,-4.4,37.67410771956275,3.9810717055349695e-5,1,1
D_F,D_V,1.5760429751987695,-4.266666666666667,37.67410771956275,5.411695265464637e-5,0,1
D_F,D_V,1.5760429751987695,-4.133333333333334,37.67410771956275,7.356422544596406e-5,0,1
D_F,D_V,1.5760429751987695,-4.0,37.67410771956275,0.0001,0,1
D_F,D_V,1.709376308532103,-8.0,51.21253909923364,1.0e-8,1,1
D_F,D_V,1.709376308532103,-7.866666666666666,51.21253909923364,1.359356390878527e-8,1,1
D_F,D_V,1.709376308532103,-7.733333333333333,51.21253909923364,1.8478497974222906e-8,1,1
D_F,D_V,1.709376308532103,-7.6,51.21253909923364,2.511886431509582e-8,1,1
D_F,D_V,1.709376308532103,-7.466666666666667,51.21253909923364,3.4145488738336004e-8,1,1
D_F,D_V,1.709376308532103,-7.333333333333333,51.21253909923364,4.641588833612782e-8,1,1
D_F,D_V,1.709376308532103,-7.2,51.21253909923364,6.30957344480193e-8,1,1
D_F,D_V,1.709376308532103,-7.066666666666666,51.21253909923364,8.576958985908945e-8,1,1
D_F,D_V,1.709376308532103,-6.933333333333334,51.21253909923364,1.1659144011798311e-7,1,1
D_F,D_V,1.709376308532103,-6.8,51.21253909923364,1.584893192461114e-7,1,1
D_F,D_V,1.709376308532103,-6.666666666666667,51.21253909923364,2.1544346900318822e-7,1,1
D_F,D_V,1.709376308532103,-6.533333333333333,51.21253909923364,2.928644564625237e-7,1,1
D_F,D_V,1.709376308532103,-6.4,51.21253909923364,3.981071705534969e-7,1,1
D_F,D_V,1.709376308532103,-6.266666666666667,51.21253909923364,5.411695265464637e-7,1,1
D_F,D_V,1.709376308532103,-6.133333333333334,51.21253909923364,7.356422544596406e-7,1,1
D_F,D_V,1.709376308532103,-6.0,51.21253909923364,1.0e-6,1,1
D_F,D_V,1.709376308532103,-5.866666666666666,51.21253909923364,1.359356390878527e-6,1,1
D_F,D_V,1.709376308532103,-5.733333333333333,51.21253909923364,1.8478497974222906e-6,1,1
D_F,D_V,1.709376308532103,-5.6,51.21253909923364,2.5118864315095823e-6,1,1
D_F,D_V,1.709376308532103,-5.466666666666667,51.21253909923364,3.4145488738336005e-6,1,1
D_F,D_V,1.709376308532103,-5.333333333333333,51.21253909923364,4.641588833612782e-6,1,1
D_F,D_V,1.709376308532103,-5.2,51.21253909923364,6.30957344480193e-6,1,1
D_F,D_V,1.709376308532103,-5.066666666666666,51.21253909923364,8.576958985908945e-6,1,1
D_F,D_V,1.709376308532103,-4.933333333333334,51.21253909923364,1.165914401179831e-5,1,1
D_F,D_V,1.709376308532103,-4.8,51.21253909923364,1.584893192461114e-5,1,1
D_F,D_V,1.709376308532103,-4.666666666666667,51.21253909923364,2.1544346900318823e-5,1,1
D_F,D_V,1.709376308532103,-4.533333333333333,51.21253909923364,2.9286445646252374e-5,1,1
D_F,D_V,1.709376308532103,-4.4,51.21253909923364,3.9810717055349695e-5,1,1
D_F,D_V,1.709376308532103,-4.266666666666667,51.21253909923364,5.411695265464637e-5,0,1
D_F,D_V,1.709376308532103,-4.133333333333334,51.21253909923364,7.356422544596406e-5,0,1
D_F,D_V,1.709376308532103,-4.0,51.21253909923364,0.0001,0,1
D_F,D_V,1.8427096418654363,-8.0,69.61609231765962,1.0e-8,1,1
D_F,D_V,1.8427096418654363,-7.866666666666666,69.61609231765962,1.359356390878527e-8,1,1
D_F,D_V,1.8427096418654363,-7.733333333333333,69.61609231765962,1.8478497974222906e-8,1,1
D_F,D_V,1.8427096418654363,-7.6,69.61609231765962,2.511886431509582e-8,1,1
D_F,D_V,1.8427096418654363,-7.466666666666667,69.61609231765962,3.4145488738336004e-8,1,1
D_F,D_V,1.8427096418654363,-7.333333333333333,69.61609231765962,4.641588833612782e-8,1,1
D_F,D_V,1.8427096418654363,-7.2,69.61609231765962,6.30957344480193e-8,1,1
D_F,D_V,1.8427096418654363,-7.066666666666666,69.61609231765962,8.576958985908945e-8,1,1
D_F,D_V,1.8427096418654363,-6.933333333333334,69.61609231765962,1.1659144011798311e-7,1,1
D_F,D_V,1.8427096418654363,-6.8,69.61609231765962,1.584893192461114e-7,1,1
D_F,D_V,1.8427096418654363,-6.666666666666667,69.61609231765962,2.1544346900318822e-7,1,1
D_F,D_V,1.8427096418654363,-6.533333333333333,69.61609231765962,2.928644564625237e-7,1,1
D_F,D_V,1.8427096418654363,-6.4,69.61609231765962,3.981071705534969e-7,1,1
D_F,D_V,1.8427096418654363,-6.266666666666667,69.61609231765962,5.411695265464637e-7,1,1
D_F,D_V,1.8427096418654363,-6.133333333333334,69.61609231765962,7.356422544596406e-7,1,1
D_F,D_V,1.8427096418654363,-6.0,69.61609231765962,1.0e-6,1,1
D_F,D_V,1.8427096418654363,-5.866666666666666,69.61609231765962,1.359356390878527e-6,1,1
D_F,D_V,1.8427096418654363,-5.733333333333333,69.61609231765962,1.8478497974222906e-6,1,1
D_F,D_V,1.8427096418654363,-5.6,69.61609231765962,2.5118864315095823e-6,1,1
D_F,D_V,1.8427096418654363,-5.466666666666667,69.61609231765962,3.4145488738336005e-6,1,1
D_F,D_V,1.8427096418654363,-5.333333333333333,69.61609231765962,4.641588833612782e-6,1,1
D_F,D_V,1.8427096418654363,-5.2,69.61609231765962,6.30957344480193e-6,1,1
D_F,D_V,1.8427096418654363,-5.066666666666666,69.61609231765962,8.576958985908945e-6,1,1
D_F,D_V,1.8427096418654363,-4.933333333333334,69.61609231765962,1.165914401179831e-5,1,1
D_F,D_V,1.8427096418654363,-4.8,69.61609231765962,1.584893192461114e-5,1,1
D_F,D_V,1.8427096418654363,-4.666666666666667,69.61609231765962,2.1544346900318823e-5,1,1
D_F,D_V,1.8427096418654363,-4.533333333333333,69.61609231765962,2.9286445646252374e-5,1,1
D_F,D_V,1.8427096418654363,-4.4,69.61609231765962,3.9810717055349695e-5,1,1
D_F,D_V,1.8427096418654363,-4.266666666666667,69.61609231765962,5.411695265464637e-5,0,1
D_F,D_V,1.8427096418654363,-4.133333333333334,69.61609231765962,7.356422544596406e-5,0,1
D_F,D_V,1.8427096418654363,-4.0,69.61609231765962,0.0001,0,1
D_F,D_V,1.9760429751987696,-8.0,94.63308000000002,1.0e-8,1,1
D_F,D_V,1.9760429751987696,-7.866666666666666,94.63308000000002,1.359356390878527e-8,1,1
D_F,D_V,1.9760429751987696,-7.733333333333333,94.63308000000002,1.8478497974222906e-8,1,1
D_F,D_V,1.9760429751987696,-7.6,94.63308000000002,2.511886431509582e-8,1,1
D_F,D_V,1.9760429751987696,-7.466666666666667,94.63308000000002,3.4145488738336004e-8,1,1
D_F,D_V,1.9760429751987696,-7.333333333333333,94.63308000000002,4.641588833612782e-8,1,1
D_F,D_V,1.9760429751987696,-7.2,94.63308000000002,6.30957344480193e-8,1,1
D_F,D_V,1.9760429751987696,-7.066666666666666,94.63308000000002,8.576958985908945e-8,1,1
D_F,D_V,1.9760429751987696,-6.933333333333334,94.63308000000002,1.1659144011798311e-7,1,1
D_F,D_V,1.9760429751987696,-6.8,94.63308000000002,1.584893192461114e-7,1,1
D_F,D_V,1.9760429751987696,-6.666666666666667,94.63308000000002,2.1544346900318822e-7,1,1
D_F,D_V,1.9760429751987696,-6.533333333333333,94.63308000000002,2.928644564625237e-7,1,1
D_F,D_V,1.9760429751987696,-6.4,94.63308000000002,3.981071705534969e-7,1,1
D_F,D_V,1.9760429751987696,-6.266666666666667,94.63308000000002,5.411695265464637e-7,1,1
D_F,D_V,1.9760429751987696,-6.133333333333334,94.63308000000002,7.356422544596406e-7,1,1
D_F,D_V,1.9760429751987696,-6.0,94.63308000000002,1.0e-6,1,1
D_F,D_V,1.9760429751987696,-5.866666666666666,94.63308000000002,1.359356390878527e-6,1,1
D_F,D_V,1.9760429751987696,-5.733333333333333,94.63308000000002,1.8478497974222906e-6,1,1
D_F,D_V,1.9760429751987696,-5.6,94.63308000000002,2.5118864315095823e-6,1,1
D_F,D_V,1.9760429751987696,-5.466666666666667,94.63308000000002,3.4145488738336005e-6,1,1
D_F,D_V,1.9760429751987696,-5.333333333333333,94.63308000000002,4.641588833612782e-6,1,1
D_F,D_V,1.9760429751987696,-5.2,94.63308000000002,6.30957344480193e-6,1,1
D_F,D_V,1.9760429751987696,-5.066666666666666,94.63308000000002,8.576958985908945e-6,1,1
D_F,D_V,1.9760429751987696,-4.933333333333334,94.63308000000002,1.165914401179831e-5,1,1
D_F,D_V,1.9760429751987696,-4.8,94.63308000000002,1.584893192461114e-5,1,1
D_F,D_V,1.9760429751987696,-4.666666666666667,94.63308000000002,2.1544346900318823e-5,1,1
D_F,D_V,1.9760429751987696,-4.533333333333333,94.63308000000002,2.9286445646252374e-5,1,1
D_F,D_V,1.9760429751987696,-4.4,94.63308000000002,3.9810717055349695e-5,1,1
D_F,D_V,1.9760429751987696,-4.266666666666667,94.63308000000002,5.411695265464637e-5,0,1
D_F,D_V,1.9760429751987696,-4.133333333333334,94.63308000000002,7.356422544596406e-5,0,1
D_F,D_V,1.9760429751987696,-4.0,94.63308000000002,0.0001,0,1
