param1,param2,log10_val1,log10_val2,val1,val2,contained,solver_success
k_PV,DF_DV_ratio,-1.1765790501625468,3.9760429751987694,0.06659183,9463.307999999997,1,1
k_PV,DF_DV_ratio,-1.1765790501625468,4.109376308532103,0.06659183,12864.008208651887,1,1
k_PV,DF_DV_ratio,-1.1765790501625468,4.242709641865436,0.06659183,17486.771770744737,1,1
k_PV,DF_DV_ratio,-1.1765790501625468,4.37604297519877,0.06659183,23770.754962396073,1,1
k_PV,DF_DV_ratio,-1.1765790501625468,4.509376308532103,0.06659183,32312.927674140497,1,1
k_PV,DF_DV_ratio,-1.1765790501625468,4.642709641865436,0.06659183,43924.7847418385,1,1
k_PV,DF_DV_ratio,-1.1765790501625468,4.776042975198769,0.06659183,59709.43685678164,1,1
k_PV,DF_DV_ratio,-1.1765790501625468,4.909376308532103,0.06659183,81166.404587024,1,1
k_PV,DF_DV_ratio,-1.1765790501625468,5.042709641865436,0.06659183,110334.07080000301,1,1
k_PV,DF_DV_ratio,-1.1765790501625468,5.1760429751987695,0.06659183,149983.32427362798,1,1
k_PV,DF_DV_ratio,-1.1765790501625468,5.309376308532102,0.06659183,203880.79037656225,1,1
k_PV,DF_DV_ratio,-1.1765790501625468,5.442709641865436,0.06659183,277146.65537574515,1,1
k_PV,DF_DV_ratio,-1.1765790501625468,5.576042975198769,0.06659183,376741.0771956271,0,1
k_PV,DF_DV_ratio,-1.1765790501625468,5.709376308532103,0.06659183,512125.39099233615,0,1
k_PV,DF_DV_ratio,-1.1765790501625468,5.842709641865436,0.06659183,696160.9231765951,0,1
k_PV,DF_DV_ratio,-1.1765790501625468,5.976042975198769,0.06659183,946330.7999999997,0,1
k_PV,DF_DV_ratio,-1.1765790501625468,6.109376308532103,0.06659183,1.2864008208651887e6,0,1
k_PV,DF_DV_ratio,-1.1765790501625468,6.242709641865436,0.06659183,1.7486771770744738e6,0,1
k_PV,DF_DV_ratio,-1.1765790501625468,6.37604297519877,0.06659183,2.377075496239607e6,0,1
k_PV,DF_DV_ratio,-1.1765790501625468,6.509376308532103,0.06659183,3.2312927674140497e6,0,1
k_PV,DF_DV_ratio,-1.1765790501625468,6.642709641865436,0.06659183,4.39247847418385e6,0,1
k_PV,DF_DV_ratio,-1.1765790501625468,6.776042975198769,0.06659183,5.9709436856781645e6,0,1
k_PV,DF_DV_ratio,-1.1765790501625468,6.909376308532103,0.06659183,8.116640458702399e6,0,1
k_PV,DF_DV_ratio,-1.1765790501625468,7.042709641865436,0.06659183,1.1033407080000302e7,0,1
k_PV,DF_DV_ratio,-1.1765790501625468,7.1760429751987695,0.06659183,1.4998332427362798e7,0,1
k_PV,DF_DV_ratio,-1.1765790501625468,7.309376308532102,0.06659183,2.0388079037656225e7,0,1
k_PV,DF_DV_ratio,-1.1765790501625468,7.442709641865436,0.06659183,2.771466553757452e7,0,1
k_PV,DF_DV_ratio,-1.1765790501625468,7.576042975198769,0.06659183,3.767410771956271e7,0,1
k_PV,DF_DV_ratio,-1.1765790501625468,7.709376308532103,0.06659183,5.121253909923361e7,0,1
k_PV,DF_DV_ratio,-1.1765790501625468,7.842709641865436,0.06659183,6.961609231765951e7,0,1
k_PV,DF_DV_ratio,-1.1765790501625468,7.976042975198769,0.06659183,9.463307999999997e7,0,1
k_PV,DF_DV_ratio,-1.0432457168292135,3.9760429751987694,0.09052202969079634,9463.307999999997,1,1
k_PV,DF_DV_ratio,-1.0432457168292135,4.109376308532103,0.09052202969079634,12864.008208651887,1,1
k_PV,DF_DV_ratio,-1.0432457168292135,4.242709641865436,0.09052202969079634,17486.771770744737,1,1
k_PV,DF_DV_ratio,-1.0432457168292135,4.37604297519877,0.09052202969079634,23770.754962396073,1,1
k_PV,DF_DV_ratio,-1.0432457168292135,4.509376308532103,0.09052202969079634,32312.927674140497,1,1
k_PV,DF_DV_ratio,-1.0432457168292135,4.642709641865436,0.09052202969079634,43924.7847418385,1,1
k_PV,DF_DV_ratio,-1.0432457168292135,4.776042975198769,0.09052202969079634,59709.43685678164,1,1
k_PV,DF_DV_ratio,-1.0432457168292135,4.909376308532103,0.09052202969079634,81166.404587024,1,1
k_PV,DF_DV_ratio,-1.0432457168292135,5.042709641865436,0.09052202969079634,110334.07080000301,1,1
k_PV,DF_DV_ratio,-1.0432457168292135,5.1760429751987695,0.09052202969079634,149983.32427362798,1,1
k_PV,DF_DV_ratio,-1.0432457168292135,5.309376308532102,0.09052202969079634,203880.79037656225,1,1
k_PV,DF_DV_ratio,-1.0432457168292135,5.442709641865436,0.09052202969079634,277146.65537574515,1,1
k_PV,DF_DV_ratio,-1.0432457168292135,5.576042975198769,0.09052202969079634,376741.0771956271,0,1
k_PV,DF_DV_ratio,-1.0432457168292135,5.709376308532103,0.09052202969079634,512125.39099233615,0,1
k_PV,DF_DV_ratio,-1.0432457168292135,5.842709641865436,0.09052202969079634,696160.9231765951,0,1
k_PV,DF_DV_ratio,-1.0432457168292135,5.976042975198769,0.09052202969079634,946330.7999999997,0,1
k_PV,DF_DV_ratio,-1.0432457168292135,6.109376308532103,0.09052202969079634,1.2864008208651887e6,0,1
k_PV,DF_DV_ratio,-1.0432457168292135,6.242709641865436,0.09052202969079634,1.7486771770744738e6,0,1
k_PV,DF_DV_ratio,-1.0432457168292135,6.37604297519877,0.09052202969079634,2.377075496239607e6,0,1
k_PV,DF_DV_ratio,-1.0432457168292135,6.509376308532103,0.09052202969079634,3.2312927674140497e6,0,1
k_PV,DF_DV_ratio,-1.0432457168292135,6.642709641865436,0.09052202969079634,4.39247847418385e6,0,1
k_PV,DF_DV_ratio,-1.0432457168292135,6.776042975198769,0.09052202969079634,5.9709436856781645e6,0,1
k_PV,DF_DV_ratio,-1.0432457168292135,6.909376308532103,0.09052202969079634,8.116640458702399e6,0,1
k_PV,DF_DV_ratio,-1.0432457168292135,7.042709641865436,0.09052202969079634,1.1033407080000302e7,0,1
k_PV,DF_DV_ratio,-1.0432457168292135,7.1760429751987695,0.09052202969079634,1.4998332427362798e7,0,1
k_PV,DF_DV_ratio,-1.0432457168292135,7.309376308532102,0.09052202969079634,2.0388079037656225e7,0,1
k_PV,DF_DV_ratio,-1.0432457168292135,7.442709641865436,0.09052202969079634,2.771466553757452e7,0,1
k_PV,DF_DV_ratio,-1.0432457168292135,7.576042975198769,0.09052202969079634,3.767410771956271e7,0,1
k_PV,DF_DV_ratio,-1.0432457168292135,7.709376308532103,0.09052202969079634,5.121253909923361e7,0,1
k_PV,DF_DV_ratio,-1.0432457168292135,7.842709641865436,0.09052202969079634,6.961609231765951e7,0,1
k_PV,DF_DV_ratio,-1.0432457168292135,7.976042975198769,0.09052202969079634,9.463307999999997e7,0,1
k_PV,DF_DV_ratio,-0.9099123834958801,3.9760429751987694,0.12305169957547968,9463.307999999997,1,1
k_PV,DF_DV_ratio,-0.9099123834958801,4.109376308532103,0.12305169957547968,12864.008208651887,1,1
k_PV,DF_DV_ratio,-0.9099123834958801,4.242709641865436,0.12305169957547968,17486.771770744737,1,1
k_PV,DF_DV_ratio,-0.9099123834958801,4.37604297519877,0.12305169957547968,23770.754962396073,1,1
k_PV,DF_DV_ratio,-0.9099123834958801,4.509376308532103,0.12305169957547968,32312.927674140497,1,1
k_PV,DF_DV_ratio,-0.9099123834958801,4.642709641865436,0.12305169957547968,43924.7847418385,1,1
k_PV,DF_DV_ratio,-0.9099123834958801,4.776042975198769,0.12305169957547968,59709.43685678164,1,1
k_PV,DF_DV_ratio,-0.9099123834958801,4.909376308532103,0.12305169957547968,81166.404587024,1,1
k_PV,DF_DV_ratio,-0.9099123834958801,5.042709641865436,0.12305169957547968,110334.07080000301,1,1
k_PV,DF_DV_ratio,-0.9099123834958801,5.1760429751987695,0.12305169957547968,149983.32427362798,1,1
k_PV,DF_DV_ratio,-0.9099123834958801,5.309376308532102,0.12305169957547968,203880.79037656225,1,1
k_PV,DF_DV_ratio,-0.9099123834958801,5.442709641865436,0.12305169957547968,277146.65537574515,1,1
k_PV,DF_DV_ratio,-0.9099123834958801,5.576042975198769,0.12305169957547968,376741.0771956271,0,1
k_PV,DF_DV_ratio,-0.9099123834958801,5.709376308532103,0.12305169957547968,512125.39099233615,0,1
k_PV,DF_DV_ratio,-0.9099123834958801,5.842709641865436,0.12305169957547968,696160.9231765951,0,1
k_PV,DF_DV_ratio,-0.9099123834958801,5.976042975198769,0.12305169957547968,946330.7999999997,0,1
k_PV,DF_DV_ratio,-0.9099123834958801,6.109376308532103,0.12305169957547968,1.2864008208651887e6,0,1
k_PV,DF_DV_ratio,-0.9099123834958801,6.242709641865436,0.12305169957547968,1.7486771770744738e6,0,1
k_PV,DF_DV_ratio,-0.9099123834958801,6.37604297519877,0.12305169957547968,2.377075496239607e6,0,1
k_PV,DF_DV_ratio,-0.9099123834958801,6.509376308532103,0.12305169957547968,3.2312927674140497e6,0,1
k_PV,DF_DV_ratio,-0.9099123834958801,6.642709641865436,0.12305169957547968,4.39247847418385e6,0,1
k_PV,DF_DV_ratio,-0.9099123834958801,6.776042975198769,0.12305169957547968,5.9709436856781645e6,0,1
k_PV,DF_DV_ratio,-0.9099123834958801,6.909376308532103,0.12305169957547968,8.116640458702399e6,0,1
k_PV,DF_DV_ratio,-0.9099123834958801,7.042709641865436,0.12305169957547968,1.1033407080000302e7,0,1
k_PV,DF_DV_ratio,-0.9099123834958801,7.1760429751987695,0.12305169957547968,1.4998332427362798e7,0,1
k_PV,DF_DV_ratio,-0.9099123834958801,7.309376308532102,0.12305169957547968,2.0388079037656225e7,0,1
k_PV,DF_DV_ratio,-0.9099123834958801,7.442709641865436,0.12305169957547968,2.771466553757452e7,0,1
k_PV,DF_DV_ratio,-0.9099123834958801,7.576042975198769,0.12305169957547968,3.767410771956271e7,0,1
k_PV,DF_DV_ratio,-0.9099123834958801,7.709376308532103,0.12305169957547968,5.121253909923361e7,0,1
k_PV,DF_DV_ratio,-0.9099123834958801,7.842709641865436,0.12305169957547968,6.961609231765951e7,0,1
k_PV,DF_DV_ratio,-0.9099123834958801,7.976042975198769,0.12305169957547968,9.463307999999997e7,0,1
k_PV,DF_DV_ratio,-0.7765790501625468,3.9760429751987694,0.16727111422639263,9463.307999999997,1,1
k_PV,DF_DV_ratio,-0.7765790501625468,4.109376308532103,0.16727111422639263,12864.008208651887,1,1
k_PV,DF_DV_ratio,-0.7765790501625468,4.242709641865436,0.16727111422639263,17486.771770744737,1,1
k_PV,DF_DV_ratio,-0.7765790501625468,4.37604297519877,0.16727111422639263,23770.754962396073,1,1
k_PV,DF_DV_ratio,-0.7765790501625468,4.509376308532103,0.16727111422639263,32312.927674140497,1,1
k_PV,DF_DV_ratio,-0.7765790501625468,4.642709641865436,0.16727111422639263,43924.7847418385,1,1
k_PV,DF_DV_ratio,-0.7765790501625468,4.776042975198769,0.16727111422639263,59709.43685678164,1,1
k_PV,DF_DV_ratio,-0.7765790501625468,4.909376308532103,0.16727111422639263,81166.404587024,1,1
k_PV,DF_DV_ratio,-0.7765790501625468,5.042709641865436,0.16727111422639263,110334.07080000301,1,1
k_PV,DF_DV_ratio,-0.7765790501625468,5.1760429751987695,0.16727111422639263,149983.32427362798,1,1
k_PV,DF_DV_ratio,-0.7765790501625468,5.309376308532102,0.16727111422639263,203880.79037656225,1,1
k_PV,DF_DV_ratio,-0.7765790501625468,5.442709641865436,0.16727111422639263,277146.65537574515,1,1
k_PV,DF_DV_ratio,-0.7765790501625468,5.576042975198769,0.16727111422639263,376741.0771956271,1,1
k_PV,DF_DV_ratio,-0.7765790501625468,5.709376308532103,0.16727111422639263,512125.39099233615,0,1
k_PV,DF_DV_ratio,-0.7765790501625468,5.842709641865436,0.16727111422639263,696160.9231765951,0,1
k_PV,DF_DV_ratio,-0.7765790501625468,5.976042975198769,0.16727111422639263,946330.7999999997,0,1
k_PV,DF_DV_ratio,-0.7765790501625468,6.109376308532103,0.16727111422639263,1.2864008208651887e6,0,1
k_PV,DF_DV_ratio,-0.7765790501625468,6.242709641865436,0.16727111422639263,1.7486771770744738e6,0,1
k_PV,DF_DV_ratio,-0.7765790501625468,6.37604297519877,0.16727111422639263,2.377075496239607e6,0,1
k_PV,DF_DV_ratio,-0.7765790501625468,6.509376308532103,0.16727111422639263,3.2312927674140497e6,0,1
k_PV,DF_DV_ratio,-0.7765790501625468,6.642709641865436,0.16727111422639263,4.39247847418385e6,0,1
k_PV,DF_DV_ratio,-0.7765790501625468,6.776042975198769,0.16727111422639263,5.9709436856781645e6,0,1
k_PV,DF_DV_ratio,-0.7765790501625468,6.909376308532103,0.16727111422639263,8.116640458702399e6,0,1
k_PV,DF_DV_ratio,-0.7765790501625468,7.042709641865436,0.16727111422639263,1.1033407080000302e7,0,1
k_PV,DF_DV_ratio,-0.7765790501625468,7.1760429751987695,0.16727111422639263,1.4998332427362798e7,0,1
k_PV,DF_DV_ratio,-0.7765790501625468,7.309376308532102,0.16727111422639263,2.0388079037656225e7,0,1
k_PV,DF_DV_ratio,-0.7765790501625468,7.442709641865436,0.16727111422639263,2.771466553757452e7,0,1
k_PV,DF_DV_ratio,-0.7765790501625468,7.576042975198769,0.16727111422639263,3.767410771956271e7,0,1
k_PV,DF_DV_ratio,-0.7765790501625468,7.709376308532103,0.16727111422639263,5.121253909923361e7,0,1
k_PV,DF_DV_ratio,-0.7765790501625468,7.842709641865436,0.16727111422639263,6.961609231765951e7,0,1
k_PV,DF_DV_ratio,-0.7765790501625468,7.976042975198769,0.16727111422639263,9.463307999999997e7,0,1
k_PV,DF_DV_ratio,-0.6432457168292135,3.9760429751987694,0.22738105813301868,9463.307999999997,1,1
k_PV,DF_DV_ratio,-0.6432457168292135,4.109376308532103,0.22738105813301868,12864.008208651887,1,1
k_PV,DF_DV_ratio,-0.6432457168292135,4.242709641865436,0.22738105813301868,17486.771770744737,1,1
k_PV,DF_DV_ratio,-0.6432457168292135,4.37604297519877,0.22738105813301868,23770.754962396073,1,1
k_PV,DF_DV_ratio,-0.6432457168292135,4.509376308532103,0.22738105813301868,32312.927674140497,1,1
k_PV,DF_DV_ratio,-0.6432457168292135,4.642709641865436,0.22738105813301868,43924.7847418385,1,1
k_PV,DF_DV_ratio,-0.6432457168292135,4.776042975198769,0.22738105813301868,59709.43685678164,1,1
k_PV,DF_DV_ratio,-0.6432457168292135,4.909376308532103,0.22738105813301868,81166.404587024,1,1
k_PV,DF_DV_ratio,-0.6432457168292135,5.042709641865436,0.22738105813301868,110334.07080000301,1,1
k_PV,DF_DV_ratio,-0.6432457168292135,5.1760429751987695,0.22738105813301868,149983.32427362798,1,1
k_PV,DF_DV_ratio,-0.6432457168292135,5.309376308532102,0.22738105813301868,203880.79037656225,1,1
k_PV,DF_DV_ratio,-0.6432457168292135,5.442709641865436,0.22738105813301868,277146.65537574515,1,1
k_PV,DF_DV_ratio,-0.6432457168292135,5.576042975198769,0.22738105813301868,376741.0771956271,1,1
k_PV,DF_DV_ratio,-0.6432457168292135,5.709376308532103,0.22738105813301868,512125.39099233615,0,1
k_PV,DF_DV_ratio,-0.6432457168292135,5.842709641865436,0.22738105813301868,696160.9231765951,0,1
k_PV,DF_DV_ratio,-0.6432457168292135,5.976042975198769,0.22738105813301868,946330.7999999997,0,1
k_PV,DF_DV_ratio,-0.6432457168292135,6.109376308532103,0.22738105813301868,1.2864008208651887e6,0,1
k_PV,DF_DV_ratio,-0.6432457168292135,6.242709641865436,0.22738105813301868,1.7486771770744738e6,0,1
k_PV,DF_DV_ratio,-0.6432457168292135,6.37604297519877,0.22738105813301868,2.377075496239607e6,0,1
k_PV,DF_DV_ratio,-0.6432457168292135,6.509376308532103,0.22738105813301868,3.2312927674140497e6,0,1
k_PV,DF_DV_ratio,-0.6432457168292135,6.642709641865436,0.22738105813301868,4.39247847418385e6,0,1
k_PV,DF_DV_ratio,-0.6432457168292135,6.776042975198769,0.22738105813301868,5.9709436856781645e6,0,1
k_PV,DF_DV_ratio,-0.6432457168292135,6.909376308532103,0.22738105813301868,8.116640458702399e6,0,1
k_PV,DF_DV_ratio,-0.6432457168292135,7.042709641865436,0.22738105813301868,1.1033407080000302e7,0,1
k_PV,DF_DV_ratio,-0.6432457168292135,7.1760429751987695,0.22738105813301868,1.4998332427362798e7,0,1
k_PV,DF_DV_ratio,-0.6432457168292135,7.309376308532102,0.22738105813301868,2.0388079037656225e7,0,1
k_PV,DF_DV_ratio,-0.6432457168292135,7.442709641865436,0.22738105813301868,2.771466553757452e7,0,1
k_PV,DF_DV_ratio,-0.6432457168292135,7.576042975198769,0.22738105813301868,3.767410771956271e7,0,1
k_PV,DF_DV_ratio,-0.6432457168292135,7.709376308532103,0.22738105813301868,5.121253909923361e7,0,1
k_PV,DF_DV_ratio,-0.6432457168292135,7.842709641865436,0.22738105813301868,6.961609231765951e7,0,1
k_PV,DF_DV_ratio,-0.6432457168292135,7.976042975198769,0.22738105813301868,9.463307999999997e7,0,1
k_PV,DF_DV_ratio,-0.5099123834958802,3.9760429751987694,0.3090918945378405,9463.307999999997,1,1
k_PV,DF_DV_ratio,-0.5099123834958802,4.109376308532103,0.3090918945378405,12864.008208651887,1,1
k_PV,DF_DV_ratio,-0.5099123834958802,4.242709641865436,0.3090918945378405,17486.771770744737,1,1
k_PV,DF_DV_ratio,-0.5099123834958802,4.37604297519877,0.3090918945378405,23770.754962396073,1,1
k_PV,DF_DV_ratio,-0.5099123834958802,4.509376308532103,0.3090918945378405,32312.927674140497,1,1
k_PV,DF_DV_ratio,-0.5099123834958802,4.642709641865436,0.3090918945378405,43924.7847418385,1,1
k_PV,DF_DV_ratio,-0.5099123834958802,4.776042975198769,0.3090918945378405,59709.43685678164,1,1
k_PV,DF_DV_ratio,-0.5099123834958802,4.909376308532103,0.3090918945378405,81166.404587024,1,1
k_PV,DF_DV_ratio,-0.5099123834958802,5.042709641865436,0.3090918945378405,110334.07080000301,1,1
k_PV,DF_DV_ratio,-0.5099123834958802,5.1760429751987695,0.3090918945378405,149983.32427362798,1,1
k_PV,DF_DV_ratio,-0.5099123834958802,5.309376308532102,0.3090918945378405,203880.79037656225,1,1
k_PV,DF_DV_ratio,-0.5099123834958802,5.442709641865436,0.3090918945378405,277146.65537574515,1,1
k_PV,DF_DV_ratio,-0.5099123834958802,5.576042975198769,0.3090918945378405,376741.0771956271,1,1
k_PV,DF_DV_ratio,-0.5099123834958802,5.709376308532103,0.3090918945378405,512125.39099233615,1,1
k_PV,DF_DV_ratio,-0.5099123834958802,5.842709641865436,0.3090918945378405,696160.9231765951,0,1
k_PV,DF_DV_ratio,-0.5099123834958802,5.976042975198769,0.3090918945378405,946330.7999999997,0,1
k_PV,DF_DV_ratio,-0.5099123834958802,6.109376308532103,0.3090918945378405,1.2864008208651887e6,0,1
k_PV,DF_DV_ratio,-0.5099123834958802,6.242709641865436,0.3090918945378405,1.7486771770744738e6,0,1
k_PV,DF_DV_ratio,-0.5099123834958802,6.37604297519877,0.3090918945378405,2.377075496239607e6,0,1
k_PV,DF_DV_ratio,-0.5099123834958802,6.509376308532103,0.3090918945378405,3.2312927674140497e6,0,1
k_PV,DF_DV_ratio,-0.5099123834958802,6.642709641865436,0.3090918945378405,4.39247847418385e6,0,1
k_PV,DF_DV_ratio,-0.5099123834958802,6.776042975198769,0.3090918945378405,5.9709436856781645e6,0,1
k_PV,DF_DV_ratio,-0.5099123834958802,6.909376308532103,0.3090918945378405,8.116640458702399e6,0,1
k_PV,DF_DV_ratio,-0.5099123834958802,7.042709641865436,0.3090918945378405,1.1033407080000302e7,0,1
k_PV,DF_DV_ratio,-0.5099123834958802,7.1760429751987695,0.3090918945378405,1.4998332427362798e7,0,1
k_PV,DF_DV_ratio,-0.5099123834958802,7.309376308532102,0.3090918945378405,2.0388079037656225e7,0,1
k_PV,DF_DV_ratio,-0.5099123834958802,7.442709641865436,0.3090918945378405,2.771466553757452e7,0,1
k_PV,DF_DV_ratio,-0.5099123834958802,7.576042975198769,0.3090918945378405,3.767410771956271e7,0,1
k_PV,DF_DV_ratio,-0.5099123834958802,7.709376308532103,0.3090918945378405,5.121253909923361e7,0,1
k_PV,DF_DV_ratio,-0.5099123834958802,7.842709641865436,0.3090918945378405,6.961609231765951e7,0,1
k_PV,DF_DV_ratio,-0.5099123834958802,7.976042975198769,0.3090918945378405,9.463307999999997e7,0,1
k_PV,DF_DV_ratio,-0.37657905016254684,3.9760429751987694,0.42016604220876475,9463.307999999997,1,1
k_PV,DF_DV_ratio,-0.37657905016254684,4.109376308532103,0.42016604220876475,12864.008208651887,1,1
k_PV,DF_DV_ratio,-0.37657905016254684,4.242709641865436,0.42016604220876475,17486.771770744737,1,1
k_PV,DF_DV_ratio,-0.37657905016254684,4.37604297519877,0.42016604220876475,23770.754962396073,1,1
k_PV,DF_DV_ratio,-0.37657905016254684,4.509376308532103,0.42016604220876475,32312.927674140497,1,1
k_PV,DF_DV_ratio,-0.37657905016254684,4.642709641865436,0.42016604220876475,43924.7847418385,1,1
k_PV,DF_DV_ratio,-0.37657905016254684,4.776042975198769,0.42016604220876475,59709.43685678164,1,1
k_PV,DF_DV_ratio,-0.37657905016254684,4.909376308532103,0.42016604220876475,81166.404587024,1,1
k_PV,DF_DV_ratio,-0.37657905016254684,5.042709641865436,0.42016604220876475,110334.07080000301,1,1
k_PV,DF_DV_ratio,-0.37657905016254684,5.1760429751987695,0.42016604220876475,149983.32427362798,1,1
k_PV,DF_DV_ratio,-0.37657905016254684,5.309376308532102,0.42016604220876475,203880.79037656225,1,1
k_PV,DF_DV_ratio,-0.37657905016254684,5.442709641865436,0.42016604220876475,277146.65537574515,1,1
k_PV,DF_DV_ratio,-0.37657905016254684,5.576042975198769,0.42016604220876475,376741.0771956271,1,1
k_PV,DF_DV_ratio,-0.37657905016254684,5.709376308532103,0.42016604220876475,512125.39099233615,1,1
k_PV,DF_DV_ratio,-0.37657905016254684,5.842709641865436,0.42016604220876475,696160.9231765951,0,1
k_PV,DF_DV_ratio,-0.37657905016254684,5.976042975198769,0.42016604220876475,946330.7999999997,0,1
k_PV,DF_DV_ratio,-0.37657905016254684,6.109376308532103,0.42016604220876475,1.2864008208651887e6,0,1
k_PV,DF_DV_ratio,-0.37657905016254684,6.242709641865436,0.42016604220876475,1.7486771770744738e6,0,1
k_PV,DF_DV_ratio,-0.37657905016254684,6.37604297519877,0.42016604220876475,2.377075496239607e6,0,1
k_PV,DF_DV_ratio,-0.37657905016254684,6.509376308532103,0.42016604220876475,3.2312927674140497e6,0,1
k_PV,DF_DV_ratio,-0.37657905016254684,6.642709641865436,0.42016604220876475,4.39247847418385e6,0,1
k_PV,DF_DV_ratio,-0.37657905016254684,6.776042975198769,0.42016604220876475,5.9709436856781645e6,0,1
k_PV,DF_DV_ratio,-0.37657905016254684,6.909376308532103,0.42016604220876475,8.116640458702399e6,0,1
k_PV,DF_DV_ratio,-0.37657905016254684,7.042709641865436,0.42016604220876475,1.1033407080000302e7,0,1
k_PV,DF_DV_ratio,-0.37657905016254684,7.1760429751987695,0.42016604220876475,1.4998332427362798e7,0,1
k_PV,DF_DV_ratio,-0.37657905016254684,7.309376308532102,0.42016604220876475,2.0388079037656225e7,0,1
k_PV,DF_DV_ratio,-0.37657905016254684,7.442709641865436,0.42016604220876475,2.771466553757452e7,0,1
k_PV,DF_DV_ratio,-0.37657905016254684,7.576042975198769,0.42016604220876475,3.767410771956271e7,0,1
k_PV,DF_DV_ratio,-0.37657905016254684,7.709376308532103,0.42016604220876475,5.121253909923361e7,0,1
k_PV,DF_DV_ratio,-0.37657905016254684,7.842709641865436,0.42016604220876475,6.961609231765951e7,0,1
k_PV,DF_DV_ratio,-0.37657905016254684,7.976042975198769,0.42016604220876475,9.463307999999997e7,0,1
k_PV,DF_DV_ratio,-0.2432457168292135,3.9760429751987694,0.5711553947066207,9463.307999999997,1,1
k_PV,DF_DV_ratio,-0.2432457168292135,4.109376308532103,0.5711553947066207,12864.008208651887,1,1
k_PV,DF_DV_ratio,-0.2432457168292135,4.242709641865436,0.5711553947066207,17486.771770744737,1,1
k_PV,DF_DV_ratio,-0.2432457168292135,4.37604297519877,0.5711553947066207,23770.754962396073,1,1
k_PV,DF_DV_ratio,-0.2432457168292135,4.509376308532103,0.5711553947066207,32312.927674140497,1,1
k_PV,DF_DV_ratio,-0.2432457168292135,4.642709641865436,0.5711553947066207,43924.7847418385,1,1
k_PV,DF_DV_ratio,-0.2432457168292135,4.776042975198769,0.5711553947066207,59709.43685678164,1,1
k_PV,DF_DV_ratio,-0.2432457168292135,4.909376308532103,0.5711553947066207,81166.404587024,1,1
k_PV,DF_DV_ratio,-0.2432457168292135,5.042709641865436,0.5711553947066207,110334.07080000301,1,1
k_PV,DF_DV_ratio,-0.2432457168292135,5.1760429751987695,0.5711553947066207,149983.32427362798,1,1
k_PV,DF_DV_ratio,-0.2432457168292135,5.309376308532102,0.5711553947066207,203880.79037656225,1,1
k_PV,DF_DV_ratio,-0.2432457168292135,5.442709641865436,0.5711553947066207,277146.65537574515,1,1
k_PV,DF_DV_ratio,-0.2432457168292135,5.576042975198769,0.5711553947066207,376741.0771956271,1,1
k_PV,DF_DV_ratio,-0.2432457168292135,5.709376308532103,0.5711553947066207,512125.39099233615,1,1
k_PV,DF_DV_ratio,-0.2432457168292135,5.842709641865436,0.5711553947066207,696160.9231765951,0,1
k_PV,DF_DV_ratio,-0.2432457168292135,5.976042975198769,0.5711553947066207,946330.7999999997,0,1
k_PV,DF_DV_ratio,-0.2432457168292135,6.109376308532103,0.5711553947066207,1.2864008208651887e6,0,1
k_PV,DF_DV_ratio,-0.2432457168292135,6.242709641865436,0.5711553947066207,1.7486771770744738e6,0,1
k_PV,DF_DV_ratio,-0.2432457168292135,6.37604297519877,0.5711553947066207,2.377075496239607e6,0,1
k_PV,DF_DV_ratio,-0.2432457168292135,6.509376308532103,0.5711553947066207,3.2312927674140497e6,0,1
k_PV,DF_DV_ratio,-0.2432457168292135,6.642709641865436,0.5711553947066207,4.39247847418385e6,0,1
k_PV,DF_DV_ratio,-0.2432457168292135,6.776042975198769,0.5711553947066207,5.9709436856781645e6,0,1
k_PV,DF_DV_ratio,-0.2432457168292135,6.909376308532103,0.5711553947066207,8.116640458702399e6,0,1
k_PV,DF_DV_ratio,-0.2432457168292135,7.042709641865436,0.5711553947066207,1.1033407080000302e7,0,1
k_PV,DF_DV_ratio,-0.2432457168292135,7.1760429751987695,0.5711553947066207,1.4998332427362798e7,0,1
k_PV,DF_DV_ratio,-0.2432457168292135,7.309376308532102,0.5711553947066207,2.0388079037656225e7,0,1
k_PV,DF_DV_ratio,-0.2432457168292135,7.442709641865436,0.5711553947066207,2.771466553757452e7,0,1
k_PV,DF_DV_ratio,-0.2432457168292135,7.576042975198769,0.5711553947066207,3.767410771956271e7,0,1
k_PV,DF_DV_ratio,-0.2432457168292135,7.709376308532103,0.5711553947066207,5.121253909923361e7,0,1
k_PV,DF_DV_ratio,-0.2432457168292135,7.842709641865436,0.5711553947066207,6.961609231765951e7,0,1
k_PV,DF_DV_ratio,-0.2432457168292135,7.976042975198769,0.5711553947066207,9.463307999999997e7,0,1
k_PV,DF_DV_ratio,-0.10991238349588016,3.9760429751987694,0.7764037359791917,9463.307999999997,1,1
k_PV,DF_DV_ratio,-0.10991238349588016,4.109376308532103,0.7764037359791917,12864.008208651887,1,1
k_PV,DF_DV_ratio,-0.10991238349588016,4.242709641865436,0.7764037359791917,17486.771770744737,1,1
k_PV,DF_DV_ratio,-0.10991238349588016,4.37604297519877,0.7764037359791917,23770.754962396073,1,1
k_PV,DF_DV_ratio,-0.10991238349588016,4.509376308532103,0.7764037359791917,32312.927674140497,1,1
k_PV,DF_DV_ratio,-0.10991238349588016,4.642709641865436,0.7764037359791917,43924.7847418385,1,1
k_PV,DF_DV_ratio,-0.10991238349588016,4.776042975198769,0.7764037359791917,59709.43685678164,1,1
k_PV,DF_DV_ratio,-0.10991238349588016,4.909376308532103,0.7764037359791917,81166.404587024,1,1
k_PV,DF_DV_ratio,-0.10991238349588016,5.042709641865436,0.7764037359791917,110334.07080000301,1,1
k_PV,DF_DV_ratio,-0.10991238349588016,5.1760429751987695,0.7764037359791917,149983.32427362798,1,1
k_PV,DF_DV_ratio,-0.10991238349588016,5.309376308532102,0.7764037359791917,203880.79037656225,1,1
k_PV,DF_DV_ratio,-0.10991238349588016,5.442709641865436,0.7764037359791917,277146.65537574515,1,1
k_PV,DF_DV_ratio,-0.10991238349588016,5.576042975198769,0.7764037359791917,376741.0771956271,1,1
k_PV,DF_DV_ratio,-0.10991238349588016,5.709376308532103,0.7764037359791917,512125.39099233615,1,1
k_PV,DF_DV_ratio,-0.10991238349588016,5.842709641865436,0.7764037359791917,696160.9231765951,1,1
k_PV,DF_DV_ratio,-0.10991238349588016,5.976042975198769,0.7764037359791917,946330.7999999997,0,1
k_PV,DF_DV_ratio,-0.10991238349588016,6.109376308532103,0.7764037359791917,1.2864008208651887e6,0,1
k_PV,DF_DV_ratio,-0.10991238349588016,6.242709641865436,0.7764037359791917,1.7486771770744738e6,0,1
k_PV,DF_DV_ratio,-0.10991238349588016,6.37604297519877,0.7764037359791917,2.377075496239607e6,0,1
k_PV,DF_DV_ratio,-0.10991238349588016,6.509376308532103,0.7764037359791917,3.2312927674140497e6,0,1
k_PV,DF_DV_ratio,-0.10991238349588016,6.642709641865436,0.7764037359791917,4.39247847418385e6,0,1
k_PV,DF_DV_ratio,-0.10991238349588016,6.776042975198769,0.7764037359791917,5.9709436856781645e6,0,1
k_PV,DF_DV_ratio,-0.10991238349588016,6.909376308532103,0.7764037359791917,8.116640458702399e6,0,1
k_PV,DF_DV_ratio,-0.10991238349588016,7.042709641865436,0.7764037359791917,1.1033407080000302e7,0,1
k_PV,DF_DV_ratio,-0.10991238349588016,7.1760429751987695,0.7764037359791917,1.4998332427362798e7,0,1
k_PV,DF_DV_ratio,-0.10991238349588016,7.309376308532102,0.7764037359791917,2.0388079037656225e7,0,1
k_PV,DF_DV_ratio,-0.10991238349588016,7.442709641865436,0.7764037359791917,2.771466553757452e7,0,1
k_PV,DF_DV_ratio,-0.10991238349588016,7.576042975198769,0.7764037359791917,3.767410771956271e7,0,1
k_PV,DF_DV_ratio,-0.10991238349588016,7.709376308532103,0.7764037359791917,5.121253909923361e7,0,1
k_PV,DF_DV_ratio,-0.10991238349588016,7.842709641865436,0.7764037359791917,6.961609231765951e7,0,1
k_PV,DF_DV_ratio,-0.10991238349588016,7.976042975198769,0.7764037359791917,9.463307999999997e7,0,1
k_PV,DF_DV_ratio,0.023420949837453176,3.9760429751987694,1.0554093804052778,9463.307999999997,1,1
k_PV,DF_DV_ratio,0.023420949837453176,4.109376308532103,1.0554093804052778,12864.008208651887,1,1
k_PV,DF_DV_ratio,0.023420949837453176,4.242709641865436,1.0554093804052778,17486.771770744737,1,1
k_PV,DF_DV_ratio,0.023420949837453176,4.37604297519877,1.0554093804052778,23770.754962396073,1,1
k_PV,DF_DV_ratio,0.023420949837453176,4.509376308532103,1.0554093804052778,32312.927674140497,1,1
k_PV,DF_DV_ratio,0.023420949837453176,4.642709641865436,1.0554093804052778,43924.7847418385,1,1
k_PV,DF_DV_ratio,0.023420949837453176,4.776042975198769,1.0554093804052778,59709.43685678164,1,1
k_PV,DF_DV_ratio,0.023420949837453176,4.909376308532103,1.0554093804052778,81166.404587024,1,1
k_PV,DF_DV_ratio,0.023420949837453176,5.042709641865436,1.0554093804052778,110334.07080000301,1,1
k_PV,DF_DV_ratio,0.023420949837453176,5.1760429751987695,1.0554093804052778,149983.32427362798,1,1
k_PV,DF_DV_ratio,0.023420949837453176,5.309376308532102,1.0554093804052778,203880.79037656225,1,1
k_PV,DF_DV_ratio,0.023420949837453176,5.442709641865436,1.0554093804052778,277146.65537574515,1,1
k_PV,DF_DV_ratio,0.023420949837453176,5.576042975198769,1.0554093804052778,376741.0771956271,1,1
k_PV,DF_DV_ratio,0.023420949837453176,5.709376308532103,1.0554093804052778,512125.39099233615,1,1
k_PV,DF_DV_ratio,0.023420949837453176,5.842709641865436,1.0554093804052778,696160.9231765951,1,1
k_PV,DF_DV_ratio,0.023420949837453176,5.976042975198769,1.0554093804052778,946330.7999999997,0,1
k_PV,DF_DV_ratio,0.023420949837453176,6.109376308532103,1.0554093804052778,1.2864008208651887e6,0,1
k_PV,DF_DV_ratio,0.023420949837453176,6.242709641865436,1.0554093804052778,1.7486771770744738e6,0,1
k_PV,DF_DV_ratio,0.023420949837453176,6.37604297519877,1.0554093804052778,2.377075496239607e6,0,1
k_PV,DF_DV_ratio,0.023420949837453176,6.509376308532103,1.0554093804052778,3.2312927674140497e6,0,1
k_PV,DF_DV_ratio,0.023420949837453176,6.642709641865436,1.0554093804052778,4.39247847418385e6,0,1
k_PV,DF_DV_ratio,0.023420949837453176,6.776042975198769,1.0554093804052778,5.9709436856781645e6,0,1
k_PV,DF_DV_ratio,0.023420949837453176,6.909376308532103,1.0554093804052778,8.116640458702399e6,0,1
k_PV,DF_DV_ratio,0.023420949837453176,7.042709641865436,1.0554093804052778,1.1033407080000302e7,0,1
k_PV,DF_DV_ratio,0.023420949837453176,7.1760429751987695,1.0554093804052778,1.4998332427362798e7,0,1
k_PV,DF_DV_ratio,0.023420949837453176,7.309376308532102,1.0554093804052778,2.0388079037656225e7,0,1
k_PV,DF_DV_ratio,0.023420949837453176,7.442709641865436,1.0554093804052778,2.771466553757452e7,0,1
k_PV,DF_DV_ratio,0.023420949837453176,7.576042975198769,1.0554093804052778,3.767410771956271e7,0,1
k_PV,DF_DV_ratio,0.023420949837453176,7.709376308532103,1.0554093804052778,5.121253909923361e7,0,1
k_PV,DF_DV_ratio,0.023420949837453176,7.842709641865436,1.0554093804052778,6.961609231765951e7,0,1
k_PV,DF_DV_ratio,0.023420949837453176,7.976042975198769,1.0554093804052778,9.463307999999997e7,0,1
k_PV,DF_DV_ratio,0.15675428317078652,3.9760429751987694,1.4346774862470593,9463.307999999997,1,1
k_PV,DF_DV_ratio,0.15675428317078652,4.109376308532103,1.4346774862470593,12864.008208651887,1,1
k_PV,DF_DV_ratio,0.15675428317078652,4.242709641865436,1.4346774862470593,17486.771770744737,1,1
k_PV,DF_DV_ratio,0.15675428317078652,4.37604297519877,1.4346774862470593,23770.754962396073,1,1
k_PV,DF_DV_ratio,0.15675428317078652,4.509376308532103,1.4346774862470593,32312.927674140497,1,1
k_PV,DF_DV_ratio,0.15675428317078652,4.642709641865436,1.4346774862470593,43924.7847418385,1,1
k_PV,DF_DV_ratio,0.15675428317078652,4.776042975198769,1.4346774862470593,59709.43685678164,1,1
k_PV,DF_DV_ratio,0.15675428317078652,4.909376308532103,1.4346774862470593,81166.404587024,1,1
k_PV,DF_DV_ratio,0.15675428317078652,5.042709641865436,1.4346774862470593,110334.07080000301,1,1
k_PV,DF_DV_ratio,0.15675428317078652,5.1760429751987695,1.4346774862470593,149983.32427362798,1,1
k_PV,DF_DV_ratio,0.15675428317078652,5.309376308532102,1.4346774862470593,203880.79037656225,1,1
k_PV,DF_DV_ratio,0.15675428317078652,5.442709641865436,1.4346774862470593,277146.65537574515,1,1
k_PV,DF_DV_ratio,0.15675428317078652,5.576042975198769,1.4346774862470593,376741.0771956271,1,1
k_PV,DF_DV_ratio,0.15675428317078652,5.709376308532103,1.4346774862470593,512125.39099233615,1,1
k_PV,DF_DV_ratio,0.15675428317078652,5.842709641865436,1.4346774862470593,696160.9231765951,1,1
k_PV,DF_DV_ratio,0.15675428317078652,5.976042975198769,1.4346774862470593,946330.7999999997,1,1
k_PV,DF_DV_ratio,0.15675428317078652,6.109376308532103,1.4346774862470593,1.2864008208651887e6,0,1
k_PV,DF_DV_ratio,0.15675428317078652,6.242709641865436,1.4346774862470593,1.7486771770744738e6,0,1
k_PV,DF_DV_ratio,0.15675428317078652,6.37604297519877,1.4346774862470593,2.377075496239607e6,0,1
k_PV,DF_DV_ratio,0.15675428317078652,6.509376308532103,1.4346774862470593,3.2312927674140497e6,0,1
k_PV,DF_DV_ratio,0.15675428317078652,6.642709641865436,1.4346774862470593,4.39247847418385e6,0,1
k_PV,DF_DV_ratio,0.15675428317078652,6.776042975198769,1.4346774862470593,5.9709436856781645e6,0,1
k_PV,DF_DV_ratio,0.15675428317078652,6.909376308532103,1.4346774862470593,8.116640458702399e6,0,1
k_PV,DF_DV_ratio,0.15675428317078652,7.042709641865436,1.4346774862470593,1.1033407080000302e7,0,1
k_PV,DF_DV_ratio,0.15675428317078652,7.1760429751987695,1.4346774862470593,1.4998332427362798e7,0,1
k_PV,DF_DV_ratio,0.15675428317078652,7.309376308532102,1.4346774862470593,2.0388079037656225e7,0,1
k_PV,DF_DV_ratio,0.15675428317078652,7.442709641865436,1.4346774862470593,2.771466553757452e7,0,1
k_PV,DF_DV_ratio,0.15675428317078652,7.576042975198769,1.4346774862470593,3.767410771956271e7,0,1
k_PV,DF_DV_ratio,0.15675428317078652,7.709376308532103,1.4346774862470593,5.121253909923361e7,0,1
k_PV,DF_DV_ratio,0.15675428317078652,7.842709641865436,1.4346774862470593,6.961609231765951e7,0,1
k_PV,DF_DV_ratio,0.15675428317078652,7.976042975198769,1.4346774862470593,9.463307999999997e7,0,1
k_PV,DF_DV_ratio,0.29008761650411985,3.9760429751987694,1.950238009779478,9463.307999999997,1,1
k_PV,DF_DV_ratio,0.29008761650411985,4.109376308532103,1.950238009779478,12864.008208651887,1,1
k_PV,DF_DV_ratio,0.29008761650411985,4.242709641865436,1.950238009779478,17486.771770744737,1,1
k_PV,DF_DV_ratio,0.29008761650411985,4.37604297519877,1.950238009779478,23770.754962396073,1,1
k_PV,DF_DV_ratio,0.29008761650411985,4.509376308532103,1.950238009779478,32312.927674140497,1,1
k_PV,DF_DV_ratio,0.29008761650411985,4.642709641865436,1.950238009779478,43924.7847418385,1,1
k_PV,DF_DV_ratio,0.29008761650411985,4.776042975198769,1.950238009779478,59709.43685678164,1,1
k_PV,DF_DV_ratio,0.29008761650411985,4.909376308532103,1.950238009779478,81166.404587024,1,1
k_PV,DF_DV_ratio,0.29008761650411985,5.042709641865436,1.950238009779478,110334.07080000301,1,1
k_PV,DF_DV_ratio,0.29008761650411985,5.1760429751987695,1.950238009779478,149983.32427362798,1,1
k_PV,DF_DV_ratio,0.29008761650411985,5.309376308532102,1.950238009779478,203880.79037656225,1,1
k_PV,DF_DV_ratio,0.29008761650411985,5.442709641865436,1.950238009779478,277146.65537574515,1,1
k_PV,DF_DV_ratio,0.29008761650411985,5.576042975198769,1.950238009779478,376741.0771956271,1,1
k_PV,DF_DV_ratio,0.29008761650411985,5.709376308532103,1.950238009779478,512125.39099233615,1,1
k_PV,DF_DV_ratio,0.29008761650411985,5.842709641865436,1.950238009779478,696160.9231765951,1,1
k_PV,DF_DV_ratio,0.29008761650411985,5.976042975198769,1.950238009779478,946330.7999999997,1,1
k_PV,DF_DV_ratio,0.29008761650411985,6.109376308532103,1.950238009779478,1.2864008208651887e6,0,1
k_PV,DF_DV_ratio,0.29008761650411985,6.242709641865436,1.950238009779478,1.7486771770744738e6,0,1
k_PV,DF_DV_ratio,0.29008761650411985,6.37604297519877,1.950238009779478,2.377075496239607e6,0,1
k_PV,DF_DV_ratio,0.29008761650411985,6.509376308532103,1.950238009779478,3.2312927674140497e6,0,1
k_PV,DF_DV_ratio,0.29008761650411985,6.642709641865436,1.950238009779478,4.39247847418385e6,0,1
k_PV,DF_DV_ratio,0.29008761650411985,6.776042975198769,1.950238009779478,5.9709436856781645e6,0,1
k_PV,DF_DV_ratio,0.29008761650411985,6.909376308532103,1.950238009779478,8.116640458702399e6,0,1
k_PV,DF_DV_ratio,0.29008761650411985,7.042709641865436,1.950238009779478,1.1033407080000302e7,0,1
k_PV,DF_DV_ratio,0.29008761650411985,7.1760429751987695,1.950238009779478,1.4998332427362798e7,0,1
k_PV,DF_DV_ratio,0.29008761650411985,7.309376308532102,1.950238009779478,2.0388079037656225e7,0,1
k_PV,DF_DV_ratio,0.29008761650411985,7.442709641865436,1.950238009779478,2.771466553757452e7,0,1
k_PV,DF_DV_ratio,0.29008761650411985,7.576042975198769,1.950238009779478,3.767410771956271e7,0,1
k_PV,DF_DV_ratio,0.29008761650411985,7.709376308532103,1.950238009779478,5.121253909923361e7,0,1
k_PV,DF_DV_ratio,0.29008761650411985,7.842709641865436,1.950238009779478,6.961609231765951e7,0,1
k_PV,DF_DV_ratio,0.29008761650411985,7.976042975198769,1.950238009779478,9.463307999999997e7,0,1
k_PV,DF_DV_ratio,0.42342094983745315,3.9760429751987694,2.65106850232795,9463.307999999997,1,1
k_PV,DF_DV_ratio,0.42342094983745315,4.109376308532103,2.65106850232795,12864.008208651887,1,1
k_PV,DF_DV_ratio,0.42342094983745315,4.242709641865436,2.65106850232795,17486.771770744737,1,1
k_PV,DF_DV_ratio,0.42342094983745315,4.37604297519877,2.65106850232795,23770.754962396073,1,1
k_PV,DF_DV_ratio,0.42342094983745315,4.509376308532103,2.65106850232795,32312.927674140497,1,1
k_PV,DF_DV_ratio,0.42342094983745315,4.642709641865436,2.65106850232795,43924.7847418385,1,1
k_PV,DF_DV_ratio,0.42342094983745315,4.776042975198769,2.65106850232795,59709.43685678164,1,1
k_PV,DF_DV_ratio,0.42342094983745315,4.909376308532103,2.65106850232795,81166.404587024,1,1
k_PV,DF_DV_ratio,0.42342094983745315,5.042709641865436,2.65106850232795,110334.07080000301,1,1
k_PV,DF_DV_ratio,0.42342094983745315,5.1760429751987695,2.65106850232795,149983.32427362798,1,1
k_PV,DF_DV_ratio,0.42342094983745315,5.309376308532102,2.65106850232795,203880.79037656225,1,1
k_PV,DF_DV_ratio,0.42342094983745315,5.442709641865436,2.65106850232795,277146.65537574515,1,1
k_PV,DF_DV_ratio,0.42342094983745315,5.576042975198769,2.65106850232795,376741.0771956271,1,1
k_PV,DF_DV_ratio,0.42342094983745315,5.709376308532103,2.65106850232795,512125.39099233615,1,1
k_PV,DF_DV_ratio,0.42342094983745315,5.842709641865436,2.65106850232795,696160.9231765951,1,1
k_PV,DF_DV_ratio,0.42342094983745315,5.976042975198769,2.65106850232795,946330.7999999997,1,1
k_PV,DF_DV_ratio,0.42342094983745315,6.109376308532103,2.65106850232795,1.2864008208651887e6,0,1
k_PV,DF_DV_ratio,0.42342094983745315,6.242709641865436,2.65106850232795,1.7486771770744738e6,0,1
k_PV,DF_DV_ratio,0.42342094983745315,6.37604297519877,2.65106850232795,2.377075496239607e6,0,1
k_PV,DF_DV_ratio,0.42342094983745315,6.509376308532103,2.65106850232795,3.2312927674140497e6,0,1
k_PV,DF_DV_ratio,0.42342094983745315,6.642709641865436,2.65106850232795,4.39247847418385e6,0,1
k_PV,DF_DV_ratio,0.42342094983745315,6.776042975198769,2.65106850232795,5.9709436856781645e6,0,1
k_PV,DF_DV_ratio,0.42342094983745315,6.909376308532103,2.65106850232795,8.116640458702399e6,0,1
k_PV,DF_DV_ratio,0.42342094983745315,7.042709641865436,2.65106850232795,1.1033407080000302e7,0,1
k_PV,DF_DV_ratio,0.42342094983745315,7.1760429751987695,2.65106850232795,1.4998332427362798e7,0,1
k_PV,DF_DV_ratio,0.42342094983745315,7.309376308532102,2.65106850232795,2.0388079037656225e7,0,1
k_PV,DF_DV_ratio,0.42342094983745315,7.442709641865436,2.65106850232795,2.771466553757452e7,0,1
k_PV,DF_DV_ratio,0.42342094983745315,7.576042975198769,2.65106850232795,3.767410771956271e7,0,1
k_PV,DF_DV_ratio,0.42342094983745315,7.709376308532103,2.65106850232795,5.121253909923361e7,0,1
k_PV,DF_DV_ratio,0.42342094983745315,7.842709641865436,2.65106850232795,6.961609231765951e7,0,1
k_PV,DF_DV_ratio,0.42342094983745315,7.976042975198769,2.65106850232795,9.463307999999997e7,0,1
k_PV,DF_DV_ratio,0.5567542831707865,3.9760429751987694,3.60374691129626,9463.307999999997,1,1
k_PV,DF_DV_ratio,0.5567542831707865,4.109376308532103,3.60374691129626,12864.008208651887,1,1
k_PV,DF_DV_ratio,0.5567542831707865,4.242709641865436,3.60374691129626,17486.771770744737,1,1
k_PV,DF_DV_ratio,0.5567542831707865,4.37604297519877,3.60374691129626,23770.754962396073,1,1
k_PV,DF_DV_ratio,0.5567542831707865,4.509376308532103,3.60374691129626,32312.927674140497,1,1
k_PV,DF_DV_ratio,0.5567542831707865,4.642709641865436,3.60374691129626,43924.7847418385,1,1
k_PV,DF_DV_ratio,0.5567542831707865,4.776042975198769,3.60374691129626,59709.43685678164,1,1
k_PV,DF_DV_ratio,0.5567542831707865,4.909376308532103,3.60374691129626,81166.404587024,1,1
k_PV,DF_DV_ratio,0.5567542831707865,5.042709641865436,3.60374691129626,110334.07080000301,1,1
k_PV,DF_DV_ratio,0.5567542831707865,5.1760429751987695,3.60374691129626,149983.32427362798,1,1
k_PV,DF_DV_ratio,0.5567542831707865,5.309376308532102,3.60374691129626,203880.79037656225,1,1
k_PV,DF_DV_ratio,0.5567542831707865,5.442709641865436,3.60374691129626,277146.65537574515,1,1
k_PV,DF_DV_ratio,0.5567542831707865,5.576042975198769,3.60374691129626,376741.0771956271,1,1
k_PV,DF_DV_ratio,0.5567542831707865,5.709376308532103,3.60374691129626,512125.39099233615,1,1
k_PV,DF_DV_ratio,0.5567542831707865,5.842709641865436,3.60374691129626,696160.9231765951,1,1
k_PV,DF_DV_ratio,0.5567542831707865,5.976042975198769,3.60374691129626,946330.7999999997,1,1
k_PV,DF_DV_ratio,0.5567542831707865,6.109376308532103,3.60374691129626,1.2864008208651887e6,0,1
k_PV,DF_DV_ratio,0.5567542831707865,6.242709641865436,3.60374691129626,1.7486771770744738e6,0,1
k_PV,DF_DV_ratio,0.5567542831707865,6.37604297519877,3.60374691129626,2.377075496239607e6,0,1
k_PV,DF_DV_ratio,0.5567542831707865,6.509376308532103,3.60374691129626,3.2312927674140497e6,0,1
k_PV,DF_DV_ratio,0.5567542831707865,6.642709641865436,3.60374691129626,4.39247847418385e6,0,1
k_PV,DF_DV_ratio,0.5567542831707865,6.776042975198769,3.60374691129626,5.9709436856781645e6,0,1
k_PV,DF_DV_ratio,0.5567542831707865,6.909376308532103,3.60374691129626,8.116640458702399e6,0,1
k_PV,DF_DV_ratio,0.5567542831707865,7.042709641865436,3.60374691129626,1.1033407080000302e7,0,1
k_PV,DF_DV_ratio,0.5567542831707865,7.1760429751987695,3.60374691129626,1.4998332427362798e7,0,1
k_PV,DF_DV_ratio,0.5567542831707865,7.309376308532102,3.60374691129626,2.0388079037656225e7,0,1
k_PV,DF_DV_ratio,0.5567542831707865,7.442709641865436,3.60374691129626,2.771466553757452e7,0,1
k_PV,DF_DV_ratio,0.5567542831707865,7.576042975198769,3.60374691129626,3.767410771956271e7,0,1
k_PV,DF_DV_ratio,0.5567542831707865,7.709376308532103,3.60374691129626,5.121253909923361e7,0,1
k_PV,DF_DV_ratio,0.5567542831707865,7.842709641865436,3.60374691129626,6.961609231765951e7,0,1
k_PV,DF_DV_ratio,0.5567542831707865,7.976042975198769,3.60374691129626,9.463307999999997e7,0,1
k_PV,DF_DV_ratio,0.6900876165041199,3.9760429751987694,4.898776394979319,9463.307999999997,1,1
k_PV,DF_DV_ratio,0.6900876165041199,4.109376308532103,4.898776394979319,12864.008208651887,1,1
k_PV,DF_DV_ratio,0.6900876165041199,4.242709641865436,4.898776394979319,17486.771770744737,1,1
k_PV,DF_DV_ratio,0.6900876165041199,4.37604297519877,4.898776394979319,23770.754962396073,1,1
k_PV,DF_DV_ratio,0.6900876165041199,4.509376308532103,4.898776394979319,32312.927674140497,1,1
k_PV,DF_DV_ratio,0.6900876165041199,4.642709641865436,4.898776394979319,43924.7847418385,1,1
k_PV,DF_DV_ratio,0.6900876165041199,4.776042975198769,4.898776394979319,59709.43685678164,1,1
k_PV,DF_DV_ratio,0.6900876165041199,4.909376308532103,4.898776394979319,81166.404587024,1,1
k_PV,DF_DV_ratio,0.6900876165041199,5.042709641865436,4.898776394979319,110334.07080000301,1,1
k_PV,DF_DV_ratio,0.6900876165041199,5.1760429751987695,4.898776394979319,149983.32427362798,1,1
k_PV,DF_DV_ratio,0.6900876165041199,5.309376308532102,4.898776394979319,203880.79037656225,1,1
k_PV,DF_DV_ratio,0.6900876165041199,5.442709641865436,4.898776394979319,277146.65537574515,1,1
k_PV,DF_DV_ratio,0.6900876165041199,5.576042975198769,4.898776394979319,376741.0771956271,1,1
k_PV,DF_DV_ratio,0.6900876165041199,5.709376308532103,4.898776394979319,512125.39099233615,1,1
k_PV,DF_DV_ratio,0.6900876165041199,5.842709641865436,4.898776394979319,696160.9231765951,1,1
k_PV,DF_DV_ratio,0.6900876165041199,5.976042975198769,4.898776394979319,946330.7999999997,1,1
k_PV,DF_DV_ratio,0.6900876165041199,6.109376308532103,4.898776394979319,1.2864008208651887e6,0,1
k_PV,DF_DV_ratio,0.6900876165041199,6.242709641865436,4.898776394979319,1.7486771770744738e6,0,1
k_PV,DF_DV_ratio,0.6900876165041199,6.37604297519877,4.898776394979319,2.377075496239607e6,0,1
k_PV,DF_DV_ratio,0.6900876165041199,6.509376308532103,4.898776394979319,3.2312927674140497e6,0,1
k_PV,DF_DV_ratio,0.6900876165041199,6.642709641865436,4.898776394979319,4.39247847418385e6,0,1
k_PV,DF_DV_ratio,0.6900876165041199,6.776042975198769,4.898776394979319,5.9709436856781645e6,0,1
k_PV,DF_DV_ratio,0.6900876165041199,6.909376308532103,4.898776394979319,8.116640458702399e6,0,1
k_PV,DF_DV_ratio,0.6900876165041199,7.042709641865436,4.898776394979319,1.1033407080000302e7,0,1
k_PV,DF_DV_ratio,0.6900876165041199,7.1760429751987695,4.898776394979319,1.4998332427362798e7,0,1
k_PV,DF_DV_ratio,0.6900876165041199,7.309376308532102,4.898776394979319,2.0388079037656225e7,0,1
k_PV,DF_DV_ratio,0.6900876165041199,7.442709641865436,4.898776394979319,2.771466553757452e7,0,1
k_PV,DF_DV_ratio,0.6900876165041199,7.576042975198769,4.898776394979319,3.767410771956271e7,0,1
k_PV,DF_DV_ratio,0.6900876165041199,7.709376308532103,4.898776394979319,5.121253909923361e7,0,1
k_PV,DF_DV_ratio,0.6900876165041199,7.842709641865436,4.898776394979319,6.961609231765951e7,0,1
k_PV,DF_DV_ratio,0.6900876165041199,7.976042975198769,4.898776394979319,9.463307999999997e7,0,1
k_PV,DF_DV_ratio,0.8234209498374532,3.9760429751987694,6.659183000000001,9463.307999999997,1,1
k_PV,DF_DV_ratio,0.8234209498374532,4.109376308532103,6.659183000000001,12864.008208651887,1,1
k_PV,DF_DV_ratio,0.8234209498374532,4.242709641865436,6.659183000000001,17486.771770744737,1,1
k_PV,DF_DV_ratio,0.8234209498374532,4.37604297519877,6.659183000000001,23770.754962396073,1,1
k_PV,DF_DV_ratio,0.8234209498374532,4.509376308532103,6.659183000000001,32312.927674140497,1,1
k_PV,DF_DV_ratio,0.8234209498374532,4.642709641865436,6.659183000000001,43924.7847418385,1,1
k_PV,DF_DV_ratio,0.8234209498374532,4.776042975198769,6.659183000000001,59709.43685678164,1,1
k_PV,DF_DV_ratio,0.8234209498374532,4.909376308532103,6.659183000000001,81166.404587024,1,1
k_PV,DF_DV_ratio,0.8234209498374532,5.042709641865436,6.659183000000001,110334.07080000301,1,1
k_PV,DF_DV_ratio,0.8234209498374532,5.1760429751987695,6.659183000000001,149983.32427362798,1,1
k_PV,DF_DV_ratio,0.8234209498374532,5.309376308532102,6.659183000000001,203880.79037656225,1,1
k_PV,DF_DV_ratio,0.8234209498374532,5.442709641865436,6.659183000000001,277146.65537574515,1,1
k_PV,DF_DV_ratio,0.8234209498374532,5.576042975198769,6.659183000000001,376741.0771956271,1,1
k_PV,DF_DV_ratio,0.8234209498374532,5.709376308532103,6.659183000000001,512125.39099233615,1,1
k_PV,DF_DV_ratio,0.8234209498374532,5.842709641865436,6.659183000000001,696160.9231765951,1,1
k_PV,DF_DV_ratio,0.8234209498374532,5.976042975198769,6.659183000000001,946330.7999999997,1,1
k_PV,DF_DV_ratio,0.8234209498374532,6.109376308532103,6.659183000000001,1.2864008208651887e6,0,1
k_PV,DF_DV_ratio,0.8234209498374532,6.242709641865436,6.659183000000001,1.7486771770744738e6,0,1
k_PV,DF_DV_ratio,0.8234209498374532,6.37604297519877,6.659183000000001,2.377075496239607e6,0,1
k_PV,DF_DV_ratio,0.8234209498374532,6.509376308532103,6.659183000000001,3.2312927674140497e6,0,1
k_PV,DF_DV_ratio,0.8234209498374532,6.642709641865436,6.659183000000001,4.39247847418385e6,0,1
k_PV,DF_DV_ratio,0.8234209498374532,6.776042975198769,6.659183000000001,5.9709436856781645e6,0,1
k_PV,DF_DV_ratio,0.8234209498374532,6.909376308532103,6.659183000000001,8.116640458702399e6,0,1
k_PV,DF_DV_ratio,0.8234209498374532,7.042709641865436,6.659183000000001,1.1033407080000302e7,0,1
k_PV,DF_DV_ratio,0.8234209498374532,7.1760429751987695,6.659183000000001,1.4998332427362798e7,0,1
k_PV,DF_DV_ratio,0.8234209498374532,7.309376308532102,6.659183000000001,2.0388079037656225e7,0,1
k_PV,DF_DV_ratio,0.8234209498374532,7.442709641865436,6.659183000000001,2.771466553757452e7,0,1
k_PV,DF_DV_ratio,0.8234209498374532,7.576042975198769,6.659183000000001,3.767410771956271e7,0,1
k_PV,DF_DV_ratio,0.8234209498374532,7.709376308532103,6.659183000000001,5.121253909923361e7,0,1
k_PV,DF_DV_ratio,0.8234209498374532,7.842709641865436,6.659183000000001,6.961609231765951e7,0,1
k_PV,DF_DV_ratio,0.8234209498374532,7.976042975198769,6.659183000000001,9.463307999999997e7,0,1
k_PV,DF_DV_ratio,0.9567542831707865,3.9760429751987694,9.052202969079634,9463.307999999997,1,1
k_PV,DF_DV_ratio,0.9567542831707865,4.109376308532103,9.052202969079634,12864.008208651887,1,1
k_PV,DF_DV_ratio,0.9567542831707865,4.242709641865436,9.052202969079634,17486.771770744737,1,1
k_PV,DF_DV_ratio,0.9567542831707865,4.37604297519877,9.052202969079634,23770.754962396073,1,1
k_PV,DF_DV_ratio,0.9567542831707865,4.509376308532103,9.052202969079634,32312.927674140497,1,1
k_PV,DF_DV_ratio,0.9567542831707865,4.642709641865436,9.052202969079634,43924.7847418385,1,1
k_PV,DF_DV_ratio,0.9567542831707865,4.776042975198769,9.052202969079634,59709.43685678164,1,1
k_PV,DF_DV_ratio,0.9567542831707865,4.909376308532103,9.052202969079634,81166.404587024,1,1
k_PV,DF_DV_ratio,0.9567542831707865,5.042709641865436,9.052202969079634,110334.07080000301,1,1
k_PV,DF_DV_ratio,0.9567542831707865,5.1760429751987695,9.052202969079634,149983.32427362798,1,1
k_PV,DF_DV_ratio,0.9567542831707865,5.309376308532102,9.052202969079634,203880.79037656225,1,1
k_PV,DF_DV_ratio,0.9567542831707865,5.442709641865436,9.052202969079634,277146.65537574515,1,1
k_PV,DF_DV_ratio,0.9567542831707865,5.576042975198769,9.052202969079634,376741.0771956271,1,1
k_PV,DF_DV_ratio,0.9567542831707865,5.709376308532103,9.052202969079634,512125.39099233615,1,1
k_PV,DF_DV_ratio,0.9567542831707865,5.842709641865436,9.052202969079634,696160.9231765951,1,1
k_PV,DF_DV_ratio,0.9567542831707865,5.976042975198769,9.052202969079634,946330.7999999997,1,1
k_PV,DF_DV_ratio,0.9567542831707865,6.109376308532103,9.052202969079634,1.2864008208651887e6,0,1
k_PV,DF_DV_ratio,0.9567542831707865,6.242709641865436,9.052202969079634,1.7486771770744738e6,0,1
k_PV,DF_DV_ratio,0.9567542831707865,6.37604297519877,9.052202969079634,2.377075496239607e6,0,1
k_PV,DF_DV_ratio,0.9567542831707865,6.509376308532103,9.052202969079634,3.2312927674140497e6,0,1
k_PV,DF_DV_ratio,0.9567542831707865,6.642709641865436,9.052202969079634,4.39247847418385e6,0,1
k_PV,DF_DV_ratio,0.9567542831707865,6.776042975198769,9.052202969079634,5.9709436856781645e6,0,1
k_PV,DF_DV_ratio,0.9567542831707865,6.909376308532103,9.052202969079634,8.116640458702399e6,0,1
k_PV,DF_DV_ratio,0.9567542831707865,7.042709641865436,9.052202969079634,1.1033407080000302e7,0,1
k_PV,DF_DV_ratio,0.9567542831707865,7.1760429751987695,9.052202969079634,1.4998332427362798e7,0,1
k_PV,DF_DV_ratio,0.9567542831707865,7.309376308532102,9.052202969079634,2.0388079037656225e7,0,1
k_PV,DF_DV_ratio,0.9567542831707865,7.442709641865436,9.052202969079634,2.771466553757452e7,0,1
k_PV,DF_DV_ratio,0.9567542831707865,7.576042975198769,9.052202969079634,3.767410771956271e7,0,1
k_PV,DF_DV_ratio,0.9567542831707865,7.709376308532103,9.052202969079634,5.121253909923361e7,0,1
k_PV,DF_DV_ratio,0.9567542831707865,7.842709641865436,9.052202969079634,6.961609231765951e7,0,1
k_PV,DF_DV_ratio,0.9567542831707865,7.976042975198769,9.052202969079634,9.463307999999997e7,0,1
k_PV,DF_DV_ratio,1.0900876165041198,3.9760429751987694,12.305169957547964,9463.307999999997,0,1
k_PV,DF_DV_ratio,1.0900876165041198,4.109376308532103,12.305169957547964,12864.008208651887,0,1
k_PV,DF_DV_ratio,1.0900876165041198,4.242709641865436,12.305169957547964,17486.771770744737,0,1
k_PV,DF_DV_ratio,1.0900876165041198,4.37604297519877,12.305169957547964,23770.754962396073,0,1
k_PV,DF_DV_ratio,1.0900876165041198,4.509376308532103,12.305169957547964,32312.927674140497,1,1
k_PV,DF_DV_ratio,1.0900876165041198,4.642709641865436,12.305169957547964,43924.7847418385,1,1
k_PV,DF_DV_ratio,1.0900876165041198,4.776042975198769,12.305169957547964,59709.43685678164,1,1
k_PV,DF_DV_ratio,1.0900876165041198,4.909376308532103,12.305169957547964,81166.404587024,1,1
k_PV,DF_DV_ratio,1.0900876165041198,5.042709641865436,12.305169957547964,110334.07080000301,1,1
k_PV,DF_DV_ratio,1.0900876165041198,5.1760429751987695,12.305169957547964,149983.32427362798,1,1
k_PV,DF_DV_ratio,1.0900876165041198,5.309376308532102,12.305169957547964,203880.79037656225,1,1
k_PV,DF_DV_ratio,1.0900876165041198,5.442709641865436,12.305169957547964,277146.65537574515,1,1
k_PV,DF_DV_ratio,1.0900876165041198,5.576042975198769,12.305169957547964,376741.0771956271,1,1
k_PV,DF_DV_ratio,1.0900876165041198,5.709376308532103,12.305169957547964,512125.39099233615,1,1
k_PV,DF_DV_ratio,1.0900876165041198,5.842709641865436,12.305169957547964,696160.9231765951,1,1
k_PV,DF_DV_ratio,1.0900876165041198,5.976042975198769,12.305169957547964,946330.7999999997,0,1
k_PV,DF_DV_ratio,1.0900876165041198,6.109376308532103,12.305169957547964,1.2864008208651887e6,0,1
k_PV,DF_DV_ratio,1.0900876165041198,6.242709641865436,12.305169957547964,1.7486771770744738e6,0,1
k_PV,DF_DV_ratio,1.0900876165041198,6.37604297519877,12.305169957547964,2.377075496239607e6,0,1
k_PV,DF_DV_ratio,1.0900876165041198,6.509376308532103,12.305169957547964,3.2312927674140497e6,0,1
k_PV,DF_DV_ratio,1.0900876165041198,6.642709641865436,12.305169957547964,4.39247847418385e6,0,1
k_PV,DF_DV_ratio,1.0900876165041198,6.776042975198769,12.305169957547964,5.9709436856781645e6,0,1
k_PV,DF_DV_ratio,1.0900876165041198,6.909376308532103,12.305169957547964,8.116640458702399e6,0,1
k_PV,DF_DV_ratio,1.0900876165041198,7.042709641865436,12.305169957547964,1.1033407080000302e7,0,1
k_PV,DF_DV_ratio,1.0900876165041198,7.1760429751987695,12.305169957547964,1.4998332427362798e7,0,1
k_PV,DF_DV_ratio,1.0900876165041198,7.309376308532102,12.305169957547964,2.0388079037656225e7,0,1
k_PV,DF_DV_ratio,1.0900876165041198,7.442709641865436,12.305169957547964,2.771466553757452e7,0,1
k_PV,DF_DV_ratio,1.0900876165041198,7.576042975198769,12.305169957547964,3.767410771956271e7,0,1
k_PV,DF_DV_ratio,1.0900876165041198,7.709376308532103,12.305169957547964,5.121253909923361e7,0,1
k_PV,DF_DV_ratio,1.0900876165041198,7.842709641865436,12.305169957547964,6.961609231765951e7,0,1
k_PV,DF_DV_ratio,1.0900876165041198,7.976042975198769,12.305169957547964,9.463307999999997e7,0,1
k_PV,DF_DV_ratio,1.223420949837453,3.9760429751987694,16.72711142263926,9463.307999999997,0,1
k_PV,DF_DV_ratio,1.223420949837453,4.109376308532103,16.72711142263926,12864.008208651887,0,1
k_PV,DF_DV_ratio,1.223420949837453,4.242709641865436,16.72711142263926,17486.771770744737,0,1
k_PV,DF_DV_ratio,1.223420949837453,4.37604297519877,16.72711142263926,23770.754962396073,0,1
k_PV,DF_DV_ratio,1.223420949837453,4.509376308532103,16.72711142263926,32312.927674140497,0,1
k_PV,DF_DV_ratio,1.223420949837453,4.642709641865436,16.72711142263926,43924.7847418385,0,1
k_PV,DF_DV_ratio,1.223420949837453,4.776042975198769,16.72711142263926,59709.43685678164,0,1
k_PV,DF_DV_ratio,1.223420949837453,4.909376308532103,16.72711142263926,81166.404587024,0,1
k_PV,DF_DV_ratio,1.223420949837453,5.042709641865436,16.72711142263926,110334.07080000301,1,1
k_PV,DF_DV_ratio,1.223420949837453,5.1760429751987695,16.72711142263926,149983.32427362798,1,1
k_PV,DF_DV_ratio,1.223420949837453,5.309376308532102,16.72711142263926,203880.79037656225,1,1
k_PV,DF_DV_ratio,1.223420949837453,5.442709641865436,16.72711142263926,277146.65537574515,1,1
k_PV,DF_DV_ratio,1.223420949837453,5.576042975198769,16.72711142263926,376741.0771956271,1,1
k_PV,DF_DV_ratio,1.223420949837453,5.709376308532103,16.72711142263926,512125.39099233615,1,1
k_PV,DF_DV_ratio,1.223420949837453,5.842709641865436,16.72711142263926,696160.9231765951,0,1
k_PV,DF_DV_ratio,1.223420949837453,5.976042975198769,16.72711142263926,946330.7999999997,0,1
k_PV,DF_DV_ratio,1.223420949837453,6.109376308532103,16.72711142263926,1.2864008208651887e6,0,1
k_PV,DF_DV_ratio,1.223420949837453,6.242709641865436,16.72711142263926,1.7486771770744738e6,0,1
k_PV,DF_DV_ratio,1.223420949837453,6.37604297519877,16.72711142263926,2.377075496239607e6,0,1
k_PV,DF_DV_ratio,1.223420949837453,6.509376308532103,16.72711142263926,3.2312927674140497e6,0,1
k_PV,DF_DV_ratio,1.223420949837453,6.642709641865436,16.72711142263926,4.39247847418385e6,0,1
k_PV,DF_DV_ratio,1.223420949837453,6.776042975198769,16.72711142263926,5.9709436856781645e6,0,1
k_PV,DF_DV_ratio,1.223420949837453,6.909376308532103,16.72711142263926,8.116640458702399e6,0,1
k_PV,DF_DV_ratio,1.223420949837453,7.042709641865436,16.72711142263926,1.1033407080000302e7,0,1
k_PV,DF_DV_ratio,1.223420949837453,7.1760429751987695,16.72711142263926,1.4998332427362798e7,0,1
k_PV,DF_DV_ratio,1.223420949837453,7.309376308532102,16.72711142263926,2.0388079037656225e7,0,1
k_PV,DF_DV_ratio,1.223420949837453,7.442709641865436,16.72711142263926,2.771466553757452e7,0,1
k_PV,DF_DV_ratio,1.223420949837453,7.576042975198769,16.72711142263926,3.767410771956271e7,0,1
k_PV,DF_DV_ratio,1.223420949837453,7.709376308532103,16.72711142263926,5.121253909923361e7,0,1
k_PV,DF_DV_ratio,1.223420949837453,7.842709641865436,16.72711142263926,6.961609231765951e7,0,1
k_PV,DF_DV_ratio,1.223420949837453,7.976042975198769,16.72711142263926,9.463307999999997e7,0,1
k_PV,DF_DV_ratio,1.3567542831707866,3.9760429751987694,22.738105813301875,9463.307999999997,0,1
k_PV,DF_DV_ratio,1.3567542831707866,4.109376308532103,22.738105813301875,12864.008208651887,0,1
k_PV,DF_DV_ratio,1.3567542831707866,4.242709641865436,22.738105813301875,17486.771770744737,0,1
k_PV,DF_DV_ratio,1.3567542831707866,4.37604297519877,22.738105813301875,23770.754962396073,0,1
k_PV,DF_DV_ratio,1.3567542831707866,4.509376308532103,22.738105813301875,32312.927674140497,0,1
k_PV,DF_DV_ratio,1.3567542831707866,4.642709641865436,22.738105813301875,43924.7847418385,0,1
k_PV,DF_DV_ratio,1.3567542831707866,4.776042975198769,22.738105813301875,59709.43685678164,0,1
k_PV,DF_DV_ratio,1.3567542831707866,4.909376308532103,22.738105813301875,81166.404587024,0,1
k_PV,DF_DV_ratio,1.3567542831707866,5.042709641865436,22.738105813301875,110334.07080000301,0,1
k_PV,DF_DV_ratio,1.3567542831707866,5.1760429751987695,22.738105813301875,149983.32427362798,0,1
k_PV,DF_DV_ratio,1.3567542831707866,5.309376308532102,22.738105813301875,203880.79037656225,0,1
k_PV,DF_DV_ratio,1.3567542831707866,5.442709641865436,22.738105813301875,277146.65537574515,0,1
k_PV,DF_DV_ratio,1.3567542831707866,5.576042975198769,22.738105813301875,376741.0771956271,0,1
k_PV,DF_DV_ratio,1.3567542831707866,5.709376308532103,22.738105813301875,512125.39099233615,0,1
k_PV,DF_DV_ratio,1.3567542831707866,5.842709641865436,22.738105813301875,696160.9231765951,0,1
k_PV,DF_DV_ratio,1.3567542831707866,5.976042975198769,22.738105813301875,946330.7999999997,0,1
k_PV,DF_DV_ratio,1.3567542831707866,6.109376308532103,22.738105813301875,1.2864008208651887e6,0,1
k_PV,DF_DV_ratio,1.3567542831707866,6.242709641865436,22.738105813301875,1.7486771770744738e6,0,1
k_PV,DF_DV_ratio,1.3567542831707866,6.37604297519877,22.738105813301875,2.377075496239607e6,0,1
k_PV,DF_DV_ratio,1.3567542831707866,6.509376308532103,22.738105813301875,3.2312927674140497e6,0,1
k_PV,DF_DV_ratio,1.3567542831707866,6.642709641865436,22.738105813301875,4.39247847418385e6,0,1
k_PV,DF_DV_ratio,1.3567542831707866,6.776042975198769,22.738105813301875,5.9709436856781645e6,0,1
k_PV,DF_DV_ratio,1.3567542831707866,6.909376308532103,22.738105813301875,8.116640458702399e6,0,1
k_PV,DF_DV_ratio,1.3567542831707866,7.042709641865436,22.738105813301875,1.1033407080000302e7,0,1
k_PV,DF_DV_ratio,1.3567542831707866,7.1760429751987695,22.738105813301875,1.4998332427362798e7,0,1
k_PV,DF_DV_ratio,1.3567542831707866,7.309376308532102,22.738105813301875,2.0388079037656225e7,0,1
k_PV,DF_DV_ratio,1.3567542831707866,7.442709641865436,22.738105813301875,2.771466553757452e7,0,1
k_PV,DF_DV_ratio,1.3567542831707866,7.576042975198769,22.738105813301875,3.767410771956271e7,0,1
k_PV,DF_DV_ratio,1.3567542831707866,7.709376308532103,22.738105813301875,5.121253909923361e7,0,1
k_PV,DF_DV_ratio,1.3567542831707866,7.842709641865436,22.738105813301875,6.961609231765951e7,0,1
k_PV,DF_DV_ratio,1.3567542831707866,7.976042975198769,22.738105813301875,9.463307999999997e7,0,1
k_PV,DF_DV_ratio,1.49008761650412,3.9760429751987694,30.909189453784055,9463.307999999997,0,1
k_PV,DF_DV_ratio,1.49008761650412,4.109376308532103,30.909189453784055,12864.008208651887,0,1
k_PV,DF_DV_ratio,1.49008761650412,4.242709641865436,30.909189453784055,17486.771770744737,0,1
k_PV,DF_DV_ratio,1.49008761650412,4.37604297519877,30.909189453784055,23770.754962396073,0,1
k_PV,DF_DV_ratio,1.49008761650412,4.509376308532103,30.909189453784055,32312.927674140497,0,1
k_PV,DF_DV_ratio,1.49008761650412,4.642709641865436,30.909189453784055,43924.7847418385,0,1
k_PV,DF_DV_ratio,1.49008761650412,4.776042975198769,30.909189453784055,59709.43685678164,0,1
k_PV,DF_DV_ratio,1.49008761650412,4.909376308532103,30.909189453784055,81166.404587024,0,1
k_PV,DF_DV_ratio,1.49008761650412,5.042709641865436,30.909189453784055,110334.07080000301,0,1
k_PV,DF_DV_ratio,1.49008761650412,5.1760429751987695,30.909189453784055,149983.32427362798,0,1
k_PV,DF_DV_ratio,1.49008761650412,5.309376308532102,30.909189453784055,203880.79037656225,0,1
k_PV,DF_DV_ratio,1.49008761650412,5.442709641865436,30.909189453784055,277146.65537574515,0,1
k_PV,DF_DV_ratio,1.49008761650412,5.576042975198769,30.909189453784055,376741.0771956271,0,1
k_PV,DF_DV_ratio,1.49008761650412,5.709376308532103,30.909189453784055,512125.39099233615,0,1
k_PV,DF_DV_ratio,1.49008761650412,5.842709641865436,30.909189453784055,696160.9231765951,0,1
k_PV,DF_DV_ratio,1.49008761650412,5.976042975198769,30.909189453784055,946330.7999999997,0,1
k_PV,DF_DV_ratio,1.49008761650412,6.109376308532103,30.909189453784055,1.2864008208651887e6,0,1
k_PV,DF_DV_ratio,1.49008761650412,6.242709641865436,30.909189453784055,1.7486771770744738e6,0,1
k_PV,DF_DV_ratio,1.49008761650412,6.37604297519877,30.909189453784055,2.377075496239607e6,0,1
k_PV,DF_DV_ratio,1.49008761650412,6.509376308532103,30.909189453784055,3.2312927674140497e6,0,1
k_PV,DF_DV_ratio,1.49008761650412,6.642709641865436,30.909189453784055,4.39247847418385e6,0,1
k_PV,DF_DV_ratio,1.49008761650412,6.776042975198769,30.909189453784055,5.9709436856781645e6,0,1
k_PV,DF_DV_ratio,1.49008761650412,6.909376308532103,30.909189453784055,8.116640458702399e6,0,1
k_PV,DF_DV_ratio,1.49008761650412,7.042709641865436,30.909189453784055,1.1033407080000302e7,0,1
k_PV,DF_DV_ratio,1.49008761650412,7.1760429751987695,30.909189453784055,1.4998332427362798e7,0,1
k_PV,DF_DV_ratio,1.49008761650412,7.309376308532102,30.909189453784055,2.0388079037656225e7,0,1
k_PV,DF_DV_ratio,1.49008761650412,7.442709641865436,30.909189453784055,2.771466553757452e7,0,1
k_PV,DF_DV_ratio,1.49008761650412,7.576042975198769,30.909189453784055,3.767410771956271e7,0,1
k_PV,DF_DV_ratio,1.49008761650412,7.709376308532103,30.909189453784055,5.121253909923361e7,0,1
k_PV,DF_DV_ratio,1.49008761650412,7.842709641865436,30.909189453784055,6.961609231765951e7,0,1
k_PV,DF_DV_ratio,1.49008761650412,7.976042975198769,30.909189453784055,9.463307999999997e7,0,1
k_PV,DF_DV_ratio,1.6234209498374532,3.9760429751987694,42.01660422087648,9463.307999999997,0,1
k_PV,DF_DV_ratio,1.6234209498374532,4.109376308532103,42.01660422087648,12864.008208651887,0,1
k_PV,DF_DV_ratio,1.6234209498374532,4.242709641865436,42.01660422087648,17486.771770744737,0,1
k_PV,DF_DV_ratio,1.6234209498374532,4.37604297519877,42.01660422087648,23770.754962396073,0,1
k_PV,DF_DV_ratio,1.6234209498374532,4.509376308532103,42.01660422087648,32312.927674140497,0,1
k_PV,DF_DV_ratio,1.6234209498374532,4.642709641865436,42.01660422087648,43924.7847418385,0,1
k_PV,DF_DV_ratio,1.6234209498374532,4.776042975198769,42.01660422087648,59709.43685678164,0,1
k_PV,DF_DV_ratio,1.6234209498374532,4.909376308532103,42.01660422087648,81166.404587024,0,1
k_PV,DF_DV_ratio,1.6234209498374532,5.042709641865436,42.01660422087648,110334.07080000301,0,1
k_PV,DF_DV_ratio,1.6234209498374532,5.1760429751987695,42.01660422087648,149983.32427362798,0,1
k_PV,DF_DV_ratio,1.6234209498374532,5.309376308532102,42.01660422087648,203880.79037656225,0,1
k_PV,DF_DV_ratio,1.6234209498374532,5.442709641865436,42.01660422087648,277146.65537574515,0,1
k_PV,DF_DV_ratio,1.6234209498374532,5.576042975198769,42.01660422087648,376741.0771956271,0,1
k_PV,DF_DV_ratio,1.6234209498374532,5.709376308532103,42.01660422087648,512125.39099233615,0,1
k_PV,DF_DV_ratio,1.6234209498374532,5.842709641865436,42.01660422087648,696160.9231765951,0,1
k_PV,DF_DV_ratio,1.6234209498374532,5.976042975198769,42.01660422087648,946330.7999999997,0,1
k_PV,DF_DV_ratio,1.6234209498374532,6.109376308532103,42.01660422087648,1.2864008208651887e6,0,1
k_PV,DF_DV_ratio,1.6234209498374532,6.242709641865436,42.01660422087648,1.7486771770744738e6,0,1
k_PV,DF_DV_ratio,1.6234209498374532,6.37604297519877,42.01660422087648,2.377075496239607e6,0,1
k_PV,DF_DV_ratio,1.6234209498374532,6.509376308532103,42.01660422087648,3.2312927674140497e6,0,1
k_PV,DF_DV_ratio,1.6234209498374532,6.642709641865436,42.01660422087648,4.39247847418385e6,0,1
k_PV,DF_DV_ratio,1.6234209498374532,6.776042975198769,42.01660422087648,5.9709436856781645e6,0,1
k_PV,DF_DV_ratio,1.6234209498374532,6.909376308532103,42.01660422087648,8.116640458702399e6,0,1
k_PV,DF_DV_ratio,1.6234209498374532,7.042709641865436,42.01660422087648,1.1033407080000302e7,0,1
k_PV,DF_DV_ratio,1.6234209498374532,7.1760429751987695,42.01660422087648,1.4998332427362798e7,0,1
k_PV,DF_DV_ratio,1.6234209498374532,7.309376308532102,42.01660422087648,2.0388079037656225e7,0,1
k_PV,DF_DV_ratio,1.6234209498374532,7.442709641865436,42.01660422087648,2.771466553757452e7,0,1
k_PV,DF_DV_ratio,1.6234209498374532,7.576042975198769,42.01660422087648,3.767410771956271e7,0,1
k_PV,DF_DV_ratio,1.6234209498374532,7.709376308532103,42.01660422087648,5.121253909923361e7,0,1
k_PV,DF_DV_ratio,1.6234209498374532,7.842709641865436,42.01660422087648,6.961609231765951e7,0,1
k_PV,DF_DV_ratio,1.6234209498374532,7.976042975198769,42.01660422087648,9.463307999999997e7,0,1
k_PV,DF_DV_ratio,1.7567542831707865,3.9760429751987694,57.11553947066207,9463.307999999997,0,1
k_PV,DF_DV_ratio,1.7567542831707865,4.109376308532103,57.11553947066207,12864.008208651887,0,1
k_PV,DF_DV_ratio,1.7567542831707865,4.242709641865436,57.11553947066207,17486.771770744737,0,1
k_PV,DF_DV_ratio,1.7567542831707865,4.37604297519877,57.11553947066207,23770.754962396073,0,1
k_PV,DF_DV_ratio,1.7567542831707865,4.509376308532103,57.11553947066207,32312.927674140497,0,1
k_PV,DF_DV_ratio,1.7567542831707865,4.642709641865436,57.11553947066207,43924.7847418385,0,1
k_PV,DF_DV_ratio,1.7567542831707865,4.776042975198769,57.11553947066207,59709.43685678164,0,1
k_PV,DF_DV_ratio,1.7567542831707865,4.909376308532103,57.11553947066207,81166.404587024,0,1
k_PV,DF_DV_ratio,1.7567542831707865,5.042709641865436,57.11553947066207,110334.07080000301,0,1
k_PV,DF_DV_ratio,1.7567542831707865,5.1760429751987695,57.11553947066207,149983.32427362798,0,1
k_PV,DF_DV_ratio,1.7567542831707865,5.309376308532102,57.11553947066207,203880.79037656225,0,1
k_PV,DF_DV_ratio,1.7567542831707865,5.442709641865436,57.11553947066207,277146.65537574515,0,1
k_PV,DF_DV_ratio,1.7567542831707865,5.576042975198769,57.11553947066207,376741.0771956271,0,1
k_PV,DF_DV_ratio,1.7567542831707865,5.709376308532103,57.11553947066207,512125.39099233615,0,1
k_PV,DF_DV_ratio,1.7567542831707865,5.842709641865436,57.11553947066207,696160.9231765951,0,1
k_PV,DF_DV_ratio,1.7567542831707865,5.976042975198769,57.11553947066207,946330.7999999997,0,1
k_PV,DF_DV_ratio,1.7567542831707865,6.109376308532103,57.11553947066207,1.2864008208651887e6,0,1
k_PV,DF_DV_ratio,1.7567542831707865,6.242709641865436,57.11553947066207,1.7486771770744738e6,0,1
k_PV,DF_DV_ratio,1.7567542831707865,6.37604297519877,57.11553947066207,2.377075496239607e6,0,1
k_PV,DF_DV_ratio,1.7567542831707865,6.509376308532103,57.11553947066207,3.2312927674140497e6,0,1
k_PV,DF_DV_ratio,1.7567542831707865,6.642709641865436,57.11553947066207,4.39247847418385e6,0,1
k_PV,DF_DV_ratio,1.7567542831707865,6.776042975198769,57.11553947066207,5.9709436856781645e6,0,1
k_PV,DF_DV_ratio,1.7567542831707865,6.909376308532103,57.11553947066207,8.116640458702399e6,0,1
k_PV,DF_DV_ratio,1.7567542831707865,7.042709641865436,57.11553947066207,1.1033407080000302e7,0,1
k_PV,DF_DV_ratio,1.7567542831707865,7.1760429751987695,57.11553947066207,1.4998332427362798e7,0,1
k_PV,DF_DV_ratio,1.7567542831707865,7.309376308532102,57.11553947066207,2.0388079037656225e7,0,1
k_PV,DF_DV_ratio,1.7567542831707865,7.442709641865436,57.11553947066207,2.771466553757452e7,0,1
k_PV,DF_DV_ratio,1.7567542831707865,7.576042975198769,57.11553947066207,3.767410771956271e7,0,1
k_PV,DF_DV_ratio,1.7567542831707865,7.709376308532103,57.11553947066207,5.121253909923361e7,0,1
k_PV,DF_DV_ratio,1.7567542831707865,7.842709641865436,57.11553947066207,6.961609231765951e7,0,1
k_PV,DF_DV_ratio,1.7567542831707865,7.976042975198769,57.11553947066207,9.463307999999997e7,0,1
k_PV,DF_DV_ratio,1.8900876165041198,3.9760429751987694,77.64037359791917,9463.307999999997,0,1
k_PV,DF_DV_ratio,1.8900876165041198,4.109376308532103,77.64037359791917,12864.008208651887,0,1
k_PV,DF_DV_ratio,1.8900876165041198,4.242709641865436,77.64037359791917,17486.771770744737,0,1
k_PV,DF_DV_ratio,1.8900876165041198,4.37604297519877,77.64037359791917,23770.754962396073,0,1
k_PV,DF_DV_ratio,1.8900876165041198,4.509376308532103,77.64037359791917,32312.927674140497,0,1
k_PV,DF_DV_ratio,1.8900876165041198,4.642709641865436,77.64037359791917,43924.7847418385,0,1
k_PV,DF_DV_ratio,1.8900876165041198,4.776042975198769,77.64037359791917,59709.43685678164,0,1
k_PV,DF_DV_ratio,1.8900876165041198,4.909376308532103,77.64037359791917,81166.404587024,0,1
k_PV,DF_DV_ratio,1.8900876165041198,5.042709641865436,77.64037359791917,110334.07080000301,0,1
k_PV,DF_DV_ratio,1.8900876165041198,5.1760429751987695,77.64037359791917,149983.32427362798,0,1
k_PV,DF_DV_ratio,1.8900876165041198,5.309376308532102,77.64037359791917,203880.79037656225,0,1
k_PV,DF_DV_ratio,1.8900876165041198,5.442709641865436,77.64037359791917,277146.65537574515,0,1
k_PV,DF_DV_ratio,1.8900876165041198,5.576042975198769,77.64037359791917,376741.0771956271,0,1
k_PV,DF_DV_ratio,1.8900876165041198,5.709376308532103,77.64037359791917,512125.39099233615,0,1
k_PV,DF_DV_ratio,1.8900876165041198,5.842709641865436,77.64037359791917,696160.9231765951,0,1
k_PV,DF_DV_ratio,1.8900876165041198,5.976042975198769,77.64037359791917,946330.7999999997,0,1
k_PV,DF_DV_ratio,1.8900876165041198,6.109376308532103,77.64037359791917,1.2864008208651887e6,0,1
k_PV,DF_DV_ratio,1.8900876165041198,6.242709641865436,77.64037359791917,1.7486771770744738e6,0,1
k_PV,DF_DV_ratio,1.8900876165041198,6.37604297519877,77.64037359791917,2.377075496239607e6,0,1
k_PV,DF_DV_ratio,1.8900876165041198,6.509376308532103,77.64037359791917,3.2312927674140497e6,0,1
k_PV,DF_DV_ratio,1.8900876165041198,6.642709641865436,77.64037359791917,4.39247847418385e6,0,1
k_PV,DF_DV_ratio,1.8900876165041198,6.776042975198769,77.64037359791917,5.9709436856781645e6,0,1
k_PV,DF_DV_ratio,1.8900876165041198,6.909376308532103,77.64037359791917,8.116640458702399e6,0,1
k_PV,DF_DV_ratio,1.8900876165041198,7.042709641865436,77.64037359791917,1.1033407080000302e7,0,1
k_PV,DF_DV_ratio,1.8900876165041198,7.1760429751987695,77.64037359791917,1.4998332427362798e7,0,1
k_PV,DF_DV_ratio,1.8900876165041198,7.309376308532102,77.64037359791917,2.0388079037656225e7,0,1
k_PV,DF_DV_ratio,1.8900876165041198,7.442709641865436,77.64037359791917,2.771466553757452e7,0,1
k_PV,DF_DV_ratio,1.8900876165041198,7.576042975198769,77.64037359791917,3.767410771956271e7,0,1
k_PV,DF_DV_ratio,1.8900876165041198,7.709376308532103,77.64037359791917,5.121253909923361e7,0,1
k_PV,DF_DV_ratio,1.8900876165041198,7.842709641865436,77.64037359791917,6.961609231765951e7,0,1
k_PV,DF_DV_ratio,1.8900876165041198,7.976042975198769,77.64037359791917,9.463307999999997e7,0,1
k_PV,DF_DV_ratio,2.0234209498374534,3.9760429751987694,105.5409380405278,9463.307999999997,0,1
k_PV,DF_DV_ratio,2.0234209498374534,4.109376308532103,105.5409380405278,12864.008208651887,0,1
k_PV,DF_DV_ratio,2.0234209498374534,4.242709641865436,105.5409380405278,17486.771770744737,0,1
k_PV,DF_DV_ratio,2.0234209498374534,4.37604297519877,105.5409380405278,23770.754962396073,0,1
k_PV,DF_DV_ratio,2.0234209498374534,4.509376308532103,105.5409380405278,32312.927674140497,0,1
k_PV,DF_DV_ratio,2.0234209498374534,4.642709641865436,105.5409380405278,43924.7847418385,0,1
k_PV,DF_DV_ratio,2.0234209498374534,4.776042975198769,105.5409380405278,59709.43685678164,0,1
k_PV,DF_DV_ratio,2.0234209498374534,4.909376308532103,105.5409380405278,81166.404587024,0,1
k_PV,DF_DV_ratio,2.0234209498374534,5.042709641865436,105.5409380405278,110334.07080000301,0,1
k_PV,DF_DV_ratio,2.0234209498374534,5.1760429751987695,105.5409380405278,149983.32427362798,0,1
k_PV,DF_DV_ratio,2.0234209498374534,5.309376308532102,105.5409380405278,203880.79037656225,0,1
k_PV,DF_DV_ratio,2.0234209498374534,5.442709641865436,105.5409380405278,277146.65537574515,0,1
k_PV,DF_DV_ratio,2.0234209498374534,5.576042975198769,105.5409380405278,376741.0771956271,0,1
k_PV,DF_DV_ratio,2.0234209498374534,5.709376308532103,105.5409380405278,512125.39099233615,0,1
k_PV,DF_DV_ratio,2.0234209498374534,5.842709641865436,105.5409380405278,696160.9231765951,0,1
k_PV,DF_DV_ratio,2.0234209498374534,5.976042975198769,105.5409380405278,946330.7999999997,0,1
k_PV,DF_DV_ratio,2.0234209498374534,6.109376308532103,105.5409380405278,1.2864008208651887e6,0,1
k_PV,DF_DV_ratio,2.0234209498374534,6.242709641865436,105.5409380405278,1.7486771770744738e6,0,1
k_PV,DF_DV_ratio,2.0234209498374534,6.37604297519877,105.5409380405278,2.377075496239607e6,0,1
k_PV,DF_DV_ratio,2.0234209498374534,6.509376308532103,105.5409380405278,3.2312927674140497e6,0,1
k_PV,DF_DV_ratio,2.0234209498374534,6.642709641865436,105.5409380405278,4.39247847418385e6,0,1
k_PV,DF_DV_ratio,2.0234209498374534,6.776042975198769,105.5409380405278,5.9709436856781645e6,0,1
k_PV,DF_DV_ratio,2.0234209498374534,6.909376308532103,105.5409380405278,8.116640458702399e6,0,1
k_PV,DF_DV_ratio,2.0234209498374534,7.042709641865436,105.5409380405278,1.1033407080000302e7,0,1
k_PV,DF_DV_ratio,2.0234209498374534,7.1760429751987695,105.5409380405278,1.4998332427362798e7,0,1
k_PV,DF_DV_ratio,2.0234209498374534,7.309376308532102,105.5409380405278,2.0388079037656225e7,0,1
k_PV,DF_DV_ratio,2.0234209498374534,7.442709641865436,105.5409380405278,2.771466553757452e7,0,1
k_PV,DF_DV_ratio,2.0234209498374534,7.576042975198769,105.5409380405278,3.767410771956271e7,0,1
k_PV,DF_DV_ratio,2.0234209498374534,7.709376308532103,105.5409380405278,5.121253909923361e7,0,1
k_PV,DF_DV_ratio,2.0234209498374534,7.842709641865436,105.5409380405278,6.961609231765951e7,0,1
k_PV,DF_DV_ratio,2.0234209498374534,7.976042975198769,105.5409380405278,9.463307999999997e7,0,1
k_PV,DF_DV_ratio,2.1567542831707867,3.9760429751987694,143.46774862470596,9463.307999999997,0,1
k_PV,DF_DV_ratio,2.1567542831707867,4.109376308532103,143.46774862470596,12864.008208651887,0,1
k_PV,DF_DV_ratio,2.1567542831707867,4.242709641865436,143.46774862470596,17486.771770744737,0,1
k_PV,DF_DV_ratio,2.1567542831707867,4.37604297519877,143.46774862470596,23770.754962396073,0,1
k_PV,DF_DV_ratio,2.1567542831707867,4.509376308532103,143.46774862470596,32312.927674140497,0,1
k_PV,DF_DV_ratio,2.1567542831707867,4.642709641865436,143.46774862470596,43924.7847418385,0,1
k_PV,DF_DV_ratio,2.1567542831707867,4.776042975198769,143.46774862470596,59709.43685678164,0,1
k_PV,DF_DV_ratio,2.1567542831707867,4.909376308532103,143.46774862470596,81166.404587024,0,1
k_PV,DF_DV_ratio,2.1567542831707867,5.042709641865436,143.46774862470596,110334.07080000301,0,1
k_PV,DF_DV_ratio,2.1567542831707867,5.1760429751987695,143.46774862470596,149983.32427362798,0,1
k_PV,DF_DV_ratio,2.1567542831707867,5.309376308532102,143.46774862470596,203880.79037656225,0,1
k_PV,DF_DV_ratio,2.1567542831707867,5.442709641865436,143.46774862470596,277146.65537574515,0,1
k_PV,DF_DV_ratio,2.1567542831707867,5.576042975198769,143.46774862470596,376741.0771956271,0,1
k_PV,DF_DV_ratio,2.1567542831707867,5.709376308532103,143.46774862470596,512125.39099233615,0,1
k_PV,DF_DV_ratio,2.1567542831707867,5.842709641865436,143.46774862470596,696160.9231765951,0,1
k_PV,DF_DV_ratio,2.1567542831707867,5.976042975198769,143.46774862470596,946330.7999999997,0,1
k_PV,DF_DV_ratio,2.1567542831707867,6.109376308532103,143.46774862470596,1.2864008208651887e6,0,1
k_PV,DF_DV_ratio,2.1567542831707867,6.242709641865436,143.46774862470596,1.7486771770744738e6,0,1
k_PV,DF_DV_ratio,2.1567542831707867,6.37604297519877,143.46774862470596,2.377075496239607e6,0,1
k_PV,DF_DV_ratio,2.1567542831707867,6.509376308532103,143.46774862470596,3.2312927674140497e6,0,1
k_PV,DF_DV_ratio,2.1567542831707867,6.642709641865436,143.46774862470596,4.39247847418385e6,0,1
k_PV,DF_DV_ratio,2.1567542831707867,6.776042975198769,143.46774862470596,5.9709436856781645e6,0,1
k_PV,DF_DV_ratio,2.1567542831707867,6.909376308532103,143.46774862470596,8.116640458702399e6,0,1
k_PV,DF_DV_ratio,2.1567542831707867,7.042709641865436,143.46774862470596,1.1033407080000302e7,0,1
k_PV,DF_DV_ratio,2.1567542831707867,7.1760429751987695,143.46774862470596,1.4998332427362798e7,0,1
k_PV,DF_DV_ratio,2.1567542831707867,7.309376308532102,143.46774862470596,2.0388079037656225e7,0,1
k_PV,DF_DV_ratio,2.1567542831707867,7.442709641865436,143.46774862470596,2.771466553757452e7,0,1
k_PV,DF_DV_ratio,2.1567542831707867,7.576042975198769,143.46774862470596,3.767410771956271e7,0,1
k_PV,DF_DV_ratio,2.1567542831707867,7.709376308532103,143.46774862470596,5.121253909923361e7,0,1
k_PV,DF_DV_ratio,2.1567542831707867,7.842709641865436,143.46774862470596,6.961609231765951e7,0,1
k_PV,DF_DV_ratio,2.1567542831707867,7.976042975198769,143.46774862470596,9.463307999999997e7,0,1
k_PV,DF_DV_ratio,2.29008761650412,3.9760429751987694,195.02380097794784,9463.307999999997,0,1
k_PV,DF_DV_ratio,2.29008761650412,4.109376308532103,195.02380097794784,12864.008208651887,0,1
k_PV,DF_DV_ratio,2.29008761650412,4.242709641865436,195.02380097794784,17486.771770744737,0,1
k_PV,DF_DV_ratio,2.29008761650412,4.37604297519877,195.02380097794784,23770.754962396073,0,1
k_PV,DF_DV_ratio,2.29008761650412,4.509376308532103,195.02380097794784,32312.927674140497,0,1
k_PV,DF_DV_ratio,2.29008761650412,4.642709641865436,195.02380097794784,43924.7847418385,0,1
k_PV,DF_DV_ratio,2.29008761650412,4.776042975198769,195.02380097794784,59709.43685678164,0,1
k_PV,DF_DV_ratio,2.29008761650412,4.909376308532103,195.02380097794784,81166.404587024,0,1
k_PV,DF_DV_ratio,2.29008761650412,5.042709641865436,195.02380097794784,110334.07080000301,0,1
k_PV,DF_DV_ratio,2.29008761650412,5.1760429751987695,195.02380097794784,149983.32427362798,0,1
k_PV,DF_DV_ratio,2.29008761650412,5.309376308532102,195.02380097794784,203880.79037656225,0,1
k_PV,DF_DV_ratio,2.29008761650412,5.442709641865436,195.02380097794784,277146.65537574515,0,1
k_PV,DF_DV_ratio,2.29008761650412,5.576042975198769,195.02380097794784,376741.0771956271,0,1
k_PV,DF_DV_ratio,2.29008761650412,5.709376308532103,195.02380097794784,512125.39099233615,0,1
k_PV,DF_DV_ratio,2.29008761650412,5.842709641865436,195.02380097794784,696160.9231765951,0,1
k_PV,DF_DV_ratio,2.29008761650412,5.976042975198769,195.02380097794784,946330.7999999997,0,1
k_PV,DF_DV_ratio,2.29008761650412,6.109376308532103,195.02380097794784,1.2864008208651887e6,0,1
k_PV,DF_DV_ratio,2.29008761650412,6.242709641865436,195.02380097794784,1.7486771770744738e6,0,1
k_PV,DF_DV_ratio,2.29008761650412,6.37604297519877,195.02380097794784,2.377075496239607e6,0,1
k_PV,DF_DV_ratio,2.29008761650412,6.509376308532103,195.02380097794784,3.2312927674140497e6,0,1
k_PV,DF_DV_ratio,2.29008761650412,6.642709641865436,195.02380097794784,4.39247847418385e6,0,1
k_PV,DF_DV_ratio,2.29008761650412,6.776042975198769,195.02380097794784,5.9709436856781645e6,0,1
k_PV,DF_DV_ratio,2.29008761650412,6.909376308532103,195.02380097794784,8.116640458702399e6,0,1
k_PV,DF_DV_ratio,2.29008761650412,7.042709641865436,195.02380097794784,1.1033407080000302e7,0,1
k_PV,DF_DV_ratio,2.29008761650412,7.1760429751987695,195.02380097794784,1.4998332427362798e7,0,1
k_PV,DF_DV_ratio,2.29008761650412,7.309376308532102,195.02380097794784,2.0388079037656225e7,0,1
k_PV,DF_DV_ratio,2.29008761650412,7.442709641865436,195.02380097794784,2.771466553757452e7,0,1
k_PV,DF_DV_ratio,2.29008761650412,7.576042975198769,195.02380097794784,3.767410771956271e7,0,1
k_PV,DF_DV_ratio,2.29008761650412,7.709376308532103,195.02380097794784,5.121253909923361e7,0,1
k_PV,DF_DV_ratio,2.29008761650412,7.842709641865436,195.02380097794784,6.961609231765951e7,0,1
k_PV,DF_DV_ratio,2.29008761650412,7.976042975198769,195.02380097794784,9.463307999999997e7,0,1
k_PV,DF_DV_ratio,2.4234209498374533,3.9760429751987694,265.10685023279507,9463.307999999997,0,1
k_PV,DF_DV_ratio,2.4234209498374533,4.109376308532103,265.10685023279507,12864.008208651887,0,1
k_PV,DF_DV_ratio,2.4234209498374533,4.242709641865436,265.10685023279507,17486.771770744737,0,1
k_PV,DF_DV_ratio,2.4234209498374533,4.37604297519877,265.10685023279507,23770.754962396073,0,1
k_PV,DF_DV_ratio,2.4234209498374533,4.509376308532103,265.10685023279507,32312.927674140497,0,1
k_PV,DF_DV_ratio,2.4234209498374533,4.642709641865436,265.10685023279507,43924.7847418385,0,1
k_PV,DF_DV_ratio,2.4234209498374533,4.776042975198769,265.10685023279507,59709.43685678164,0,1
k_PV,DF_DV_ratio,2.4234209498374533,4.909376308532103,265.10685023279507,81166.404587024,0,1
k_PV,DF_DV_ratio,2.4234209498374533,5.042709641865436,265.10685023279507,110334.07080000301,0,1
k_PV,DF_DV_ratio,2.4234209498374533,5.1760429751987695,265.10685023279507,149983.32427362798,0,1
k_PV,DF_DV_ratio,2.4234209498374533,5.309376308532102,265.10685023279507,203880.79037656225,0,1
k_PV,DF_DV_ratio,2.4234209498374533,5.442709641865436,265.10685023279507,277146.65537574515,0,1
k_PV,DF_DV_ratio,2.4234209498374533,5.576042975198769,265.10685023279507,376741.0771956271,0,1
k_PV,DF_DV_ratio,2.4234209498374533,5.709376308532103,265.10685023279507,512125.39099233615,0,1
k_PV,DF_DV_ratio,2.4234209498374533,5.842709641865436,265.10685023279507,696160.9231765951,0,1
k_PV,DF_DV_ratio,2.4234209498374533,5.976042975198769,265.10685023279507,946330.7999999997,0,1
k_PV,DF_DV_ratio,2.4234209498374533,6.109376308532103,265.10685023279507,1.2864008208651887e6,0,1
k_PV,DF_DV_ratio,2.4234209498374533,6.242709641865436,265.10685023279507,1.7486771770744738e6,0,1
k_PV,DF_DV_ratio,2.4234209498374533,6.37604297519877,265.10685023279507,2.377075496239607e6,0,1
k_PV,DF_DV_ratio,2.4234209498374533,6.509376308532103,265.10685023279507,3.2312927674140497e6,0,1
k_PV,DF_DV_ratio,2.4234209498374533,6.642709641865436,265.10685023279507,4.39247847418385e6,0,1
k_PV,DF_DV_ratio,2.4234209498374533,6.776042975198769,265.10685023279507,5.9709436856781645e6,0,1
k_PV,DF_DV_ratio,2.4234209498374533,6.909376308532103,265.10685023279507,8.116640458702399e6,0,1
k_PV,DF_DV_ratio,2.4234209498374533,7.042709641865436,265.10685023279507,1.1033407080000302e7,0,1
k_PV,DF_DV_ratio,2.4234209498374533,7.1760429751987695,265.10685023279507,1.4998332427362798e7,0,1
k_PV,DF_DV_ratio,2.4234209498374533,7.309376308532102,265.10685023279507,2.0388079037656225e7,0,1
k_PV,DF_DV_ratio,2.4234209498374533,7.442709641865436,265.10685023279507,2.771466553757452e7,0,1
k_PV,DF_DV_ratio,2.4234209498374533,7.576042975198769,265.10685023279507,3.767410771956271e7,0,1
k_PV,DF_DV_ratio,2.4234209498374533,7.709376308532103,265.10685023279507,5.121253909923361e7,0,1
k_PV,DF_DV_ratio,2.4234209498374533,7.842709641865436,265.10685023279507,6.961609231765951e7,0,1
k_PV,DF_DV_ratio,2.4234209498374533,7.976042975198769,265.10685023279507,9.463307999999997e7,0,1
k_PV,DF_DV_ratio,2.5567542831707866,3.9760429751987694,360.37469112962606,9463.307999999997,0,1
k_PV,DF_DV_ratio,2.5567542831707866,4.109376308532103,360.37469112962606,12864.008208651887,0,1
k_PV,DF_DV_ratio,2.5567542831707866,4.242709641865436,360.37469112962606,17486.771770744737,0,1
k_PV,DF_DV_ratio,2.5567542831707866,4.37604297519877,360.37469112962606,23770.754962396073,0,1
k_PV,DF_DV_ratio,2.5567542831707866,4.509376308532103,360.37469112962606,32312.927674140497,0,1
k_PV,DF_DV_ratio,2.5567542831707866,4.642709641865436,360.37469112962606,43924.7847418385,0,1
k_PV,DF_DV_ratio,2.5567542831707866,4.776042975198769,360.37469112962606,59709.43685678164,0,1
k_PV,DF_DV_ratio,2.5567542831707866,4.909376308532103,360.37469112962606,81166.404587024,0,1
k_PV,DF_DV_ratio,2.5567542831707866,5.042709641865436,360.37469112962606,110334.07080000301,0,1
k_PV,DF_DV_ratio,2.5567542831707866,5.1760429751987695,360.37469112962606,149983.32427362798,0,1
k_PV,DF_DV_ratio,2.5567542831707866,5.309376308532102,360.37469112962606,203880.79037656225,0,1
k_PV,DF_DV_ratio,2.5567542831707866,5.442709641865436,360.37469112962606,277146.65537574515,0,1
k_PV,DF_DV_ratio,2.5567542831707866,5.576042975198769,360.37469112962606,376741.0771956271,0,1
k_PV,DF_DV_ratio,2.5567542831707866,5.709376308532103,360.37469112962606,512125.39099233615,0,1
k_PV,DF_DV_ratio,2.5567542831707866,5.842709641865436,360.37469112962606,696160.9231765951,0,1
k_PV,DF_DV_ratio,2.5567542831707866,5.976042975198769,360.37469112962606,946330.7999999997,0,1
k_PV,DF_DV_ratio,2.5567542831707866,6.109376308532103,360.37469112962606,1.2864008208651887e6,0,1
k_PV,DF_DV_ratio,2.5567542831707866,6.242709641865436,360.37469112962606,1.7486771770744738e6,0,1
k_PV,DF_DV_ratio,2.5567542831707866,6.37604297519877,360.37469112962606,2.377075496239607e6,0,1
k_PV,DF_DV_ratio,2.5567542831707866,6.509376308532103,360.37469112962606,3.2312927674140497e6,0,1
k_PV,DF_DV_ratio,2.5567542831707866,6.642709641865436,360.37469112962606,4.39247847418385e6,0,1
k_PV,DF_DV_ratio,2.5567542831707866,6.776042975198769,360.37469112962606,5.9709436856781645e6,0,1
k_PV,DF_DV_ratio,2.5567542831707866,6.909376308532103,360.37469112962606,8.116640458702399e6,0,1
k_PV,DF_DV_ratio,2.5567542831707866,7.042709641865436,360.37469112962606,1.1033407080000302e7,0,1
k_PV,DF_DV_ratio,2.5567542831707866,7.1760429751987695,360.37469112962606,1.4998332427362798e7,0,1
k_PV,DF_DV_ratio,2.5567542831707866,7.309376308532102,360.37469112962606,2.0388079037656225e7,0,1
k_PV,DF_DV_ratio,2.5567542831707866,7.442709641865436,360.37469112962606,2.771466553757452e7,0,1
k_PV,DF_DV_ratio,2.5567542831707866,7.576042975198769,360.37469112962606,3.767410771956271e7,0,1
k_PV,DF_DV_ratio,2.5567542831707866,7.709376308532103,360.37469112962606,5.121253909923361e7,0,1
k_PV,DF_DV_ratio,2.5567542831707866,7.842709641865436,360.37469112962606,6.961609231765951e7,0,1
k_PV,DF_DV_ratio,2.5567542831707866,7.976042975198769,360.37469112962606,9.463307999999997e7,0,1
k_PV,DF_DV_ratio,2.69008761650412,3.9760429751987694,489.8776394979319,9463.307999999997,0,1
k_PV,DF_DV_ratio,2.69008761650412,4.109376308532103,489.8776394979319,12864.008208651887,0,1
k_PV,DF_DV_ratio,2.69008761650412,4.242709641865436,489.8776394979319,17486.771770744737,0,1
k_PV,DF_DV_ratio,2.69008761650412,4.37604297519877,489.8776394979319,23770.754962396073,0,1
k_PV,DF_DV_ratio,2.69008761650412,4.509376308532103,489.8776394979319,32312.927674140497,0,1
k_PV,DF_DV_ratio,2.69008761650412,4.642709641865436,489.8776394979319,43924.7847418385,0,1
k_PV,DF_DV_ratio,2.69008761650412,4.776042975198769,489.8776394979319,59709.43685678164,0,1
k_PV,DF_DV_ratio,2.69008761650412,4.909376308532103,489.8776394979319,81166.404587024,0,1
k_PV,DF_DV_ratio,2.69008761650412,5.042709641865436,489.8776394979319,110334.07080000301,0,1
k_PV,DF_DV_ratio,2.69008761650412,5.1760429751987695,489.8776394979319,149983.32427362798,0,1
k_PV,DF_DV_ratio,2.69008761650412,5.309376308532102,489.8776394979319,203880.79037656225,0,1
k_PV,DF_DV_ratio,2.69008761650412,5.442709641865436,489.8776394979319,277146.65537574515,0,1
k_PV,DF_DV_ratio,2.69008761650412,5.576042975198769,489.8776394979319,376741.0771956271,0,1
k_PV,DF_DV_ratio,2.69008761650412,5.709376308532103,489.8776394979319,512125.39099233615,0,1
k_PV,DF_DV_ratio,2.69008761650412,5.842709641865436,489.8776394979319,696160.9231765951,0,1
k_PV,DF_DV_ratio,2.69008761650412,5.976042975198769,489.8776394979319,946330.7999999997,0,1
k_PV,DF_DV_ratio,2.69008761650412,6.109376308532103,489.8776394979319,1.2864008208651887e6,0,1
k_PV,DF_DV_ratio,2.69008761650412,6.242709641865436,489.8776394979319,1.7486771770744738e6,0,1
k_PV,DF_DV_ratio,2.69008761650412,6.37604297519877,489.8776394979319,2.377075496239607e6,0,1
k_PV,DF_DV_ratio,2.69008761650412,6.509376308532103,489.8776394979319,3.2312927674140497e6,0,1
k_PV,DF_DV_ratio,2.69008761650412,6.642709641865436,489.8776394979319,4.39247847418385e6,0,1
k_PV,DF_DV_ratio,2.69008761650412,6.776042975198769,489.8776394979319,5.9709436856781645e6,0,1
k_PV,DF_DV_ratio,2.69008761650412,6.909376308532103,489.8776394979319,8.116640458702399e6,0,1
k_PV,DF_DV_ratio,2.69008761650412,7.042709641865436,489.8776394979319,1.1033407080000302e7,0,1
k_PV,DF_DV_ratio,2.69008761650412,7.1760429751987695,489.8776394979319,1.4998332427362798e7,0,1
k_PV,DF_DV_ratio,2.69008761650412,7.309376308532102,489.8776394979319,2.0388079037656225e7,0,1
k_PV,DF_DV_ratio,2.69008761650412,7.442709641865436,489.8776394979319,2.771466553757452e7,0,1
k_PV,DF_DV_ratio,2.69008761650412,7.576042975198769,489.8776394979319,3.767410771956271e7,0,1
k_PV,DF_DV_ratio,2.69008761650412,7.709376308532103,489.8776394979319,5.121253909923361e7,0,1
k_PV,DF_DV_ratio,2.69008761650412,7.842709641865436,489.8776394979319,6.961609231765951e7,0,1
k_PV,DF_DV_ratio,2.69008761650412,7.976042975198769,489.8776394979319,9.463307999999997e7,0,1
k_PV,DF_DV_ratio,2.823420949837453,3.9760429751987694,665.9183000000002,9463.307999999997,0,1
k_PV,DF_DV_ratio,2.823420949837453,4.109376308532103,665.9183000000002,12864.008208651887,0,1
k_PV,DF_DV_ratio,2.823420949837453,4.242709641865436,665.9183000000002,17486.771770744737,0,1
k_PV,DF_DV_ratio,2.823420949837453,4.37604297519877,665.9183000000002,23770.754962396073,0,1
k_PV,DF_DV_ratio,2.823420949837453,4.509376308532103,665.9183000000002,32312.927674140497,0,1
k_PV,DF_DV_ratio,2.823420949837453,4.642709641865436,665.9183000000002,43924.7847418385,0,1
k_PV,DF_DV_ratio,2.823420949837453,4.776042975198769,665.9183000000002,59709.43685678164,0,1
k_PV,DF_DV_ratio,2.823420949837453,4.909376308532103,665.9183000000002,81166.404587024,0,1
k_PV,DF_DV_ratio,2.823420949837453,5.042709641865436,665.9183000000002,110334.07080000301,0,1
k_PV,DF_DV_ratio,2.823420949837453,5.1760429751987695,665.9183000000002,149983.32427362798,0,1
k_PV,DF_DV_ratio,2.823420949837453,5.309376308532102,665.9183000000002,203880.79037656225,0,1
k_PV,DF_DV_ratio,2.823420949837453,5.442709641865436,665.9183000000002,277146.65537574515,0,1
k_PV,DF_DV_ratio,2.823420949837453,5.576042975198769,665.9183000000002,376741.0771956271,0,1
k_PV,DF_DV_ratio,2.823420949837453,5.709376308532103,665.9183000000002,512125.39099233615,0,1
k_PV,DF_DV_ratio,2.823420949837453,5.842709641865436,665.9183000000002,696160.9231765951,0,1
k_PV,DF_DV_ratio,2.823420949837453,5.976042975198769,665.9183000000002,946330.7999999997,0,1
k_PV,DF_DV_ratio,2.823420949837453,6.109376308532103,665.9183000000002,1.2864008208651887e6,0,1
k_PV,DF_DV_ratio,2.823420949837453,6.242709641865436,665.9183000000002,1.7486771770744738e6,0,1
k_PV,DF_DV_ratio,2.823420949837453,6.37604297519877,665.9183000000002,2.377075496239607e6,0,1
k_PV,DF_DV_ratio,2.823420949837453,6.509376308532103,665.9183000000002,3.2312927674140497e6,0,1
k_PV,DF_DV_ratio,2.823420949837453,6.642709641865436,665.9183000000002,4.39247847418385e6,0,1
k_PV,DF_DV_ratio,2.823420949837453,6.776042975198769,665.9183000000002,5.9709436856781645e6,0,1
k_PV,DF_DV_ratio,2.823420949837453,6.909376308532103,665.9183000000002,8.116640458702399e6,0,1
k_PV,DF_DV_ratio,2.823420949837453,7.042709641865436,665.9183000000002,1.1033407080000302e7,0,1
k_PV,DF_DV_ratio,2.823420949837453,7.1760429751987695,665.9183000000002,1.4998332427362798e7,0,1
k_PV,DF_DV_ratio,2.823420949837453,7.309376308532102,665.9183000000002,2.0388079037656225e7,0,1
k_PV,DF_DV_ratio,2.823420949837453,7.442709641865436,665.9183000000002,2.771466553757452e7,0,1
k_PV,DF_DV_ratio,2.823420949837453,7.576042975198769,665.9183000000002,3.767410771956271e7,0,1
k_PV,DF_DV_ratio,2.823420949837453,7.709376308532103,665.9183000000002,5.121253909923361e7,0,1
k_PV,DF_DV_ratio,2.823420949837453,7.842709641865436,665.9183000000002,6.961609231765951e7,0,1
k_PV,DF_DV_ratio,2.823420949837453,7.976042975198769,665.9183000000002,9.463307999999997e7,0,1
